note_id,content,create_time,create_date_time,liked_count,comments_count,shared_count,last_modify_ts,note_url,ip_location,user_id,nickname,gender,profile_url,avatar,source_keyword,source_keywords_merged,is_event_related,exclude_reason,publish_time,in_event_window,engagement
5282661481317968,#单依纯拉黑网友#无论你多么天赋异禀、才华横溢，真正决定你能走多远的，始终是品格。 别勾引我了的微博视频,1774996907,2026-03-31 22:41:47+08:00,1256,14,2,1780545945965,https://m.weibo.cn/detail/5282661481317968,陕西,5482507741,别勾引我了,m,https://m.weibo.cn/u/5482507741?launchid=10000360-page_H5,"https://tvax2.sinaimg.cn/crop.0.0.1080.1080.180/005Z22Idly8id7augll2jj30u00u0acc.jpg?KID=imgbed,tva&Expires=1780556745&ssig=DNh6DMEkEr",单依纯 道歉 李白,单依纯 道歉 李白,True,,2026-03-31 22:41:47+08:00,True,1272
5301393679192809,单依纯翻唱李白梦幻联动李荣浩，你觉得谁唱的更好听？单依纯｜李荣浩｜李白 黑手兔子_的微博视频,1779463011,2026-05-22 15:16:51+08:00,168,18,1,1780542926130,https://m.weibo.cn/detail/5301393679192809,浙江,7417907770,黑手兔子_,f,https://m.weibo.cn/u/7417907770?launchid=10000360-page_H5,"https://tvax3.sinaimg.cn/crop.0.0.1080.1080.180/00860MFIly8idlfsj5d2zj30u00u0t9h.jpg?KID=imgbed,tva&Expires=1780553725&ssig=7zI1JmEmEA",李荣浩 李白,李荣浩 单依纯|李荣浩 李白,True,,2026-05-22 15:16:51+08:00,False,187
5282975145002575,【#李荣浩喊话单依纯背后的版权乱象#，律师称“行业长期存在侥幸习惯”】#律师谈为何音乐演出成侵权重灾区#近期，歌手李荣浩公开喊话单依纯强行侵权演唱《李白》一事引发热议，随后，水木年华卢庚戌、《跳楼机》原唱LBI利比、阿朵等歌手均就其原创歌曲曾被侵权而公开发声，“李荣浩打响版权维护第一枪...全文,1775071690,2026-04-01 19:28:10+08:00,149,10,17,1780549842250,https://m.weibo.cn/detail/5282975145002575,,5044281310,澎湃新闻,m,https://m.weibo.cn/u/5044281310?launchid=10000360-page_H5,"https://tvax1.sinaimg.cn/crop.11.10.275.275.180/005vnhZYly8ftjmwo0bx4j308c08cq32.jpg?KID=imgbed,tva&Expires=1780560640&ssig=MpUe5efl6X",李荣浩 打响 版权,强行侵权 李白|李荣浩 打响 版权,True,,2026-04-01 19:28:10+08:00,True,176
5282489766777752,#李荣浩 打响版权维护第一枪#李荣浩被误认为林俊杰，但是李老师的反应很淡定，咱是见过大场面的 甜虐集散地的微博视频,1774955967,2026-03-31 11:19:27+08:00,165,8,3,1780549803612,https://m.weibo.cn/detail/5282489766777752,天津,6579479517,甜虐集散地,f,https://m.weibo.cn/u/6579479517?launchid=10000360-page_H5,"https://tvax4.sinaimg.cn/crop.0.0.664.664.180/007bgPbnly8gdkvr0y5rej30ig0igt9n.jpg?KID=imgbed,tva&Expires=1780560602&ssig=SJMYmn7Kns",李荣浩 打响 版权,李荣浩 打响 版权,True,,2026-03-31 11:19:27+08:00,True,176
5282838448704151,#李荣浩开了个好头#2026年的微博king和微博queen已经出炉了！那就是李荣浩和九成美，李荣浩打响了内娱版权维权第一枪，实至名归的king ！ 大田狐狸猫的微博视频,1775039099,2026-04-01 10:24:59+08:00,142,19,10,1780549875915,https://m.weibo.cn/detail/5282838448704151,江西,7549798684,大田狐狸猫,f,https://m.weibo.cn/u/7549798684?launchid=10000360-page_H5,"https://tvax1.sinaimg.cn/crop.0.0.1080.1080.180/008eWbwwly8idfmk6ylp1j30u00u0whh.jpg?KID=imgbed,tva&Expires=1780560675&ssig=Thl5smCboO",李荣浩 打响 版权,李荣浩 打响 版权,True,,2026-04-01 10:24:59+08:00,True,171
5282483111463409,李荣浩 打响版权维护第一枪维护正当权益的我都支持吧，支持维权,1774954380,2026-03-31 10:53:00+08:00,147,20,2,1780549803605,https://m.weibo.cn/detail/5282483111463409,湖南,7458048521,啊啵啵也,f,https://m.weibo.cn/u/7458048521?launchid=10000360-page_H5,"https://tvax4.sinaimg.cn/crop.0.0.600.600.180/0088Jd7bly8i7uprmckhij30go0gogmf.jpg?KID=imgbed,tva&Expires=1780560602&ssig=Rhh0uwXzsA",李荣浩 打响 版权,李荣浩 打响 版权,True,,2026-03-31 10:53:00+08:00,True,169
5282253451303729,单依纯的公关稿出了什么问题？一般来说，东大是没有侵权这个概念的，我是搞内容的，对于版权还算是有切肤之痛，东大的订阅制，为啥一直难搞，因为在大多数内容创作领域，侵权，就是跟呼吸一样正常的事，无论是文章还是视频侵权。就算是公认的著作权侵权，当年的小四赔钱但是坚决不道歉，至今还有很...全文,1774899625,2026-03-30 19:40:25+08:00,138,12,11,1780542125944,https://m.weibo.cn/detail/5282253451303729,山东,6865647547,升值计,m,https://m.weibo.cn/u/6865647547?launchid=10000360-page_H5,"https://tvax4.sinaimg.cn/crop.0.0.1080.1080.180/007uDyyLly8hkjup048hsj30u00u00up.jpg?KID=imgbed,tva&Expires=1780552925&ssig=xm2CN2ykwj",强行侵权 李白,强行侵权 李白,True,,2026-03-30 19:40:25+08:00,True,161
5282483853066644,第几枪不重要，重要的是，李荣浩揭开了国内音乐版权乱象的遮羞布。所谓的音乐侵权，不是第一天发生，是一直在发生，甚至每天都在发生。#李荣浩 打响版权维护第一枪#,1774954557,2026-03-31 10:55:57+08:00,133,20,5,1780549803597,https://m.weibo.cn/detail/5282483853066644,北京,6236057337,音乐先声,m,https://m.weibo.cn/u/6236057337?launchid=10000360-page_H5,"https://tvax2.sinaimg.cn/crop.0.0.640.640.180/006O1RnXly8ffihxnrlbhj30hx0hsgn5.jpg?KID=imgbed,tva&Expires=1780560602&ssig=ZG8aaBBmf1",李荣浩 打响 版权,李荣浩 打响 版权,True,,2026-03-31 10:55:57+08:00,True,158
5283061100971508,白天不亮开怼明堂唱片维权后，夏之禹发文回怼！白天不亮又回应夏之禹：如果你真的有道义，应该站在创作者这边，而不是公司那边！#李荣浩 打响版权维护第一枪#,1775092184,2026-04-02 01:09:44+08:00,135,12,0,1780549824540,https://m.weibo.cn/detail/5283061100971508,安徽,5886158017,SwagFxxk_,m,https://m.weibo.cn/u/5886158017?launchid=10000360-page_H5,"https://tvax4.sinaimg.cn/crop.0.0.512.512.180/006qlIAxly8gnhq3sgbqqj30e80e8my3.jpg?KID=imgbed,tva&Expires=1780560602&ssig=wteRfw12xx",李荣浩 打响 版权,李荣浩 打响 版权,True,,2026-04-02 01:09:44+08:00,True,147
5282901894629985,【极目锐评|#李荣浩为何从维权者反转为侵权者#】#李荣浩单依纯事件成内娱版权公开课#4月1日，署名李荣浩作曲的歌曲《小眼睛》被指抄袭日本歌手平井坚的《Signal》，词条“李荣浩抄袭”登上热搜榜。#李荣浩回应抄袭为何赢网友支持#对此，李荣浩发长文直接否认：“我没有抄袭！”他表示这首歌就是《Sig...全文,1775054226,2026-04-01 14:37:06+08:00,101,13,32,1780549860570,https://m.weibo.cn/detail/5282901894629985,,1720962692,极目新闻,m,https://m.weibo.cn/u/1720962692?launchid=10000360-page_H5,"https://tvax4.sinaimg.cn/crop.111.343.857.857.180/001SsZ0Mly8h8vhiw5c7tj60u016w0us02.jpg?KID=imgbed,tva&Expires=1780560659&ssig=3yY7IdTzKx",李荣浩 打响 版权,李荣浩 打响 版权,True,,2026-04-01 14:37:06+08:00,True,146
5282528919554805,#人民日报曾评单依纯李白改编争议##李荣浩 打响版权维护第一枪#单依纯的歌大多都很好听，就是有两首改编版实在欣赏不来。孩子还总说如何呢，又能怎，听着有点像在挑xin我不过一人一个喜好，也不能说别人喜欢的就不对，互相尊重就好,1774965302,2026-03-31 13:55:02+08:00,136,2,0,1780550243009,https://m.weibo.cn/detail/5282528919554805,辽宁,1355474783,杨小屁ing,m,https://m.weibo.cn/u/1355474783?launchid=10000360-page_H5,"https://tvax3.sinaimg.cn/crop.0.0.1080.1080.180/50cae75fly8i3jtldxfsuj20u00u0gnf.jpg?KID=imgbed,tva&Expires=1780561042&ssig=ACB%2BupI94w",李荣浩 打响 版权,李荣浩 打响 版权,True,,2026-03-31 13:55:02+08:00,True,138
5282482921670065,李荣浩  打响版权维护第一枪，接连发布五条微博，条理清晰地讲述自己作品被侵权的全过程。逻辑严谨、态度坚定，有理有据又不失气场，不少网友调侃：就这口才和表达能力，不当律师实在可惜。 手心里的橘色小星球的微博视频,1774954335,2026-03-31 10:52:15+08:00,118,17,0,1780549969585,https://m.weibo.cn/detail/5282482921670065,吉林,2132386743,手心里的橘色小星球,f,https://m.weibo.cn/u/2132386743?launchid=10000360-page_H5,"https://tvax1.sinaimg.cn/crop.0.0.1080.1080.180/7f19a3b7ly8i9p3gt2jjuj20u00u0413.jpg?KID=imgbed,tva&Expires=1780560768&ssig=h4g9%2F0%2Bt0o",李荣浩 打响 版权,李荣浩 打响 版权,True,,2026-03-31 10:52:15+08:00,True,135
5282485060502730,#李荣浩 打响版权维护第一枪#啊，平井坚和 john mayer知道李荣浩同志打响的这一枪吗？,1774954845,2026-03-31 11:00:45+08:00,132,2,0,1780549803556,https://m.weibo.cn/detail/5282485060502730,湖北,1934178395,搬砖妹吃瓜追剧日常,f,https://m.weibo.cn/u/1934178395?launchid=10000360-page_H5,"https://tvax3.sinaimg.cn/crop.0.0.996.996.180/0026TC9Jly8gv8zmtyo55j60ro0rozll02.jpg?KID=imgbed,tva&Expires=1780560602&ssig=vhEEsG95dV",李荣浩 打响 版权,李荣浩 打响 版权,True,,2026-03-31 11:00:45+08:00,True,134
5283280351397834,李荣浩，近日你方在未经任何反思的情况下，于4月1日针对自身抄袭风波发布长文，指责网友“挖黑料”，却在3月29日对单依纯的深圳演唱会“强行”翻唱《李白》一事大动干戈，公开喊话、晒截图、发四连问，字里行间全是义愤填膺。现在铁证如山之下，你自己也只能“躺平”发长文，表示“这是乌龙”“我没...全文,1775144457,2026-04-02 15:40:57+08:00,120,0,11,1780545945940,https://m.weibo.cn/detail/5283280351397834,日本,7479528124,黄昏里告白,f,https://m.weibo.cn/u/7479528124?launchid=10000360-page_H5,"https://tvax2.sinaimg.cn/crop.0.120.720.720.180/008abkWoly8gm2phpz9lrj30k00qo3zw.jpg?KID=imgbed,tva&Expires=1780556745&ssig=zNogf3asbw",单依纯 道歉 李白,单依纯 道歉 李白,True,,2026-04-02 15:40:57+08:00,True,131
5303294634500741,歌手期间骂过陈建骐的都来道歉！我先道歉🧎♀️～《歌手》都是自己带歌带编。以及歌手2025有位歌手“出现”极限换歌是单依纯《梦一场》吗？,1779916234,2026-05-27 21:10:34+08:00,102,10,18,1780543766030,https://m.weibo.cn/detail/5303294634500741,湖南,2099868183,LiveMusic现场,m,https://m.weibo.cn/u/2099868183?launchid=10000360-page_H5,"https://tvax3.sinaimg.cn/crop.0.0.1080.1080.180/7d297217ly8gdi6m32zerj20u00u075t.jpg?KID=imgbed,tva&Expires=1780554468&ssig=cbl2a36ToO",单依纯 道歉,单依纯 道歉,True,,2026-05-27 21:10:34+08:00,False,130
5284270515945762,#人民日报谈李荣浩单依纯版权风波#2026年4月4日，人民日报客户端发表了题为《“又能怎”，真的吗？》的评论文章，针对李荣浩与单依纯关于歌曲《李白》的版权纠纷进行了深度剖析。这篇文章并没有止步于评判两位歌手的对错，而是将视角拔高，直指整个文艺行业长期存在的版权意识淡薄和侵权成本低的顽疾...全文,1775380530,2026-04-05 09:15:30+08:00,113,14,0,1780541899661,https://m.weibo.cn/detail/5284270515945762,河北,6612181532,冰诺超级皮,f,https://m.weibo.cn/u/6612181532?launchid=10000360-page_H5,"https://tvax4.sinaimg.cn/crop.0.0.996.996.180/007du2tely8iawl9areyfj30ro0rojso.jpg?KID=imgbed,tva&Expires=1780552695&ssig=hqfgGl2CSP",强行侵权 李白,强行侵权 李白,True,,2026-04-05 09:15:30+08:00,True,127
5282227275695244,【媒体评李荣浩单依纯版权风波：#艺人不能把舞台看得太重把规则看得太轻#】#才华不是违规的通行证# 近日，李荣浩与单依纯的版权风波引发网友关注。单依纯在深圳演唱会上翻唱了李荣浩的《李白》，但李荣浩发文明确表示，此前单依纯团队虽征求过授权，自己已通过邮件“明确、客气地婉拒了”。事后单依纯...全文,1774893384,2026-03-30 17:56:24+08:00,98,7,21,1780542126048,https://m.weibo.cn/detail/5282227275695244,,3167104922,四川日报,m,https://m.weibo.cn/u/3167104922?launchid=10000360-page_H5,"https://tvax3.sinaimg.cn/crop.0.0.600.600.180/003skQFsly8haoyynb4x7j60go0gogmx02.jpg?KID=imgbed,tva&Expires=1780552925&ssig=3GYNTSRPPM",强行侵权 李白,强行侵权 李白,True,,2026-03-30 17:56:24+08:00,True,126
5288707990225526,作为00后歌手天花板，单依纯凭借空灵嗓音和扎实唱功，出道即巅峰，收获无数粉丝，一直以来都以清新纯粹的形象示人。而王菲作为华语乐坛封神级别的天后，凭借独特的唱腔、清冷疏离的气质和超前的时尚品味，成为无数歌手的偶像，她的经典造型更是成为内娱难以超越的标杆。此次两人撞造型，并非单一巧...全文,1776438507,2026-04-17 15:08:27+08:00,105,11,8,1780549431070,https://m.weibo.cn/detail/5288707990225526,江苏,7513765479,畅玩体界,m,https://m.weibo.cn/u/7513765479?launchid=10000360-page_H5,"https://tvax3.sinaimg.cn/crop.0.0.682.682.180/008cuZDNly8i7y34heltsj30iz0iyabq.jpg?KID=imgbed,tva&Expires=1780560230&ssig=UDmpywuhF2",单依纯 李荣浩 版权,单依纯 停唱 李白|单依纯 李荣浩 版权|单依纯 道歉,True,,2026-04-17 15:08:27+08:00,True,124
5289361416653989,Drop dead后面在Spotify上大概率要一直被Justin Bieber的李荣浩用来踩头了。JB科切拉火的都是他已经词曲母带全都打包卖了用来还债的老歌，他半个子都拿不到，大部分唱的他自己新专的歌，火的全是他都没唱完的老歌，气得他第二周都不来了。最近几年很多大资金集团都在收购艺人们的老歌版权，就是看重...全文,1776594296,2026-04-19 10:24:56+08:00,111,9,1,1780545086869,https://m.weibo.cn/detail/5289361416653989,湖南,5585853286,如果我想知道的话我就问了,m,https://m.weibo.cn/u/5585853286?launchid=10000360-page_H5,"https://tvax2.sinaimg.cn/crop.0.0.1002.1002.180/00661FBQly8i4ayhw9933j30ru0rv0tw.jpg?KID=imgbed,tva&Expires=1780555886&ssig=%2BCU5Ti5PKv",李荣浩 版权,李荣浩 版权,True,,2026-04-19 10:24:56+08:00,True,121
5282298628933592,【#刘安琪谈李荣浩单依纯侵权事件#：#刘安琪称单依纯本人不存在侵权#，演唱会组织方存在著作权侵权行为】3月30日，法考名师@商经法刘安琪 发长文谈李荣浩公开指控单依纯在商业演唱会中未经授权演唱其原创作品《李白》事件。刘安琪称：“从李荣浩、单依纯和吴向飞的微博内容看，让李荣浩愤怒的是：单...全文,1774910396,2026-03-30 22:39:56+08:00,95,15,9,1780548180468,https://m.weibo.cn/detail/5282298628933592,,6068019631,逐光新闻,f,https://m.weibo.cn/u/6068019631?launchid=10000360-page_H5,"https://tvax1.sinaimg.cn/crop.0.0.1080.1080.180/006CEN6nly8i6s7jyg9k0j30u00u00ts.jpg?KID=imgbed,tva&Expires=1780558979&ssig=vw3c3j1QOk",百沐 退票,百沐 退票,True,,2026-03-30 22:39:56+08:00,True,119
5284274976064147,#人民日报谈李荣浩单依纯版权风波#但回过头看，无论是“先上车后补票”还是“先侵权后致歉”，都不该成为文艺行业的常态。    应该注意到，文艺领域维权成本高、侵权成本低，使得规则意识在商业利益前被严重稀释。在部分从业者看来，版权授权只是“程序性事项”，而非不可逾越的必须。版权方明明亮...全文,1775381594,2026-04-05 09:33:14+08:00,108,8,0,1780545928415,https://m.weibo.cn/detail/5284274976064147,安徽,2086202765,锦书姐儿,f,https://m.weibo.cn/u/2086202765?launchid=10000360-page_H5,"https://tvax3.sinaimg.cn/crop.0.0.1080.1080.180/7c58ed8dly8i71kjo2sy1j20u00u0jt9.jpg?KID=imgbed,tva&Expires=1780556727&ssig=J8%2Bp7Btv%2Fm",单依纯 道歉 李白,单依纯 道歉 李白,True,,2026-04-05 09:33:14+08:00,True,116
5286962531402197,#李荣浩真转我五百了#原本对李荣浩无感的，这次强行侵权事件非常路好他，又去找了他的原版李白来听，彻底爱上了，每天循环播放 是煦煦哟的微博视频,1776022357,2026-04-12 19:32:37+08:00,96,13,0,1780541646494,https://m.weibo.cn/detail/5286962531402197,福建,2342846727,是煦煦哟,f,https://m.weibo.cn/u/2342846727?launchid=10000360-page_H5,"https://tvax4.sinaimg.cn/crop.0.0.1054.1054.180/8ba50107ly8i002wu4ruhj20ta0tadgu.jpg?KID=imgbed,tva&Expires=1780552445&ssig=hR4xIxUzSF",强行侵权 李白,强行侵权 李白,True,,2026-04-12 19:32:37+08:00,True,109
5283667620399933,席瑞公开质疑李荣浩在音乐版权问题上的双重标准，引发对公众人物责任的讨论。#席瑞喊话李荣浩##李荣浩抄袭事件##李荣浩#席瑞提出五项质疑：李荣浩为何十年后才回应抄袭争议，且选在单依纯侵权风波后发声；《小眼睛》版权仍登记在其关联公司，与“版权公司结业”的说法矛盾；粉丝网暴责任未承担；维权...全文,1775236789,2026-04-03 17:19:49+08:00,78,13,13,1780546807866,https://m.weibo.cn/detail/5283667620399933,吉林,1116275530,视点视频,m,https://m.weibo.cn/u/1116275530?launchid=10000360-page_H5,"https://tvax3.sinaimg.cn/crop.0.0.1080.1080.180/4289034aly8i9qrcrulduj20u00u0wfn.jpg?KID=imgbed,tva&Expires=1780557607&ssig=r1gJVVkFiu",李荣浩 赔偿,李荣浩 赔偿,True,,2026-04-03 17:19:49+08:00,True,104
5284298590783338,#人民日报谈李荣浩单依纯版权风波#人民日报评价一下，李荣浩抄袭事件，侵权十年不道歉不赔偿@人民日报,1775387224,2026-04-05 11:07:04+08:00,87,17,0,1780546495301,https://m.weibo.cn/detail/5284298590783338,江西,6279557678,Hhdjsjsnsj,m,https://m.weibo.cn/u/6279557678?launchid=10000360-page_H5,"https://tvax2.sinaimg.cn/crop.0.0.1006.1006.180/006QYnOmly8gnknk5k76oj30ry0ryq4y.jpg?KID=imgbed,tva&Expires=1780557294&ssig=YwjyHjE20y",李荣浩 赔偿,李荣浩 赔偿,True,,2026-04-05 11:07:04+08:00,True,104
5289266047352926,李荣浩开唱只选原创，徐良登台连翻十几首他人金曲毫无版权之忧？#李荣浩# #徐良# #徐良杭州演唱会# 瓜田小渣渣的微博视频,1776571558,2026-04-19 04:05:58+08:00,98,5,0,1780545086918,https://m.weibo.cn/detail/5289266047352926,北京,6179910470,瓜田小渣渣,m,https://m.weibo.cn/u/6179910470?launchid=10000360-page_H5,"https://tvax2.sinaimg.cn/crop.0.0.828.828.180/006Keh1kly8gnbwle215zj30n00n0t9u.jpg?KID=imgbed,tva&Expires=1780555886&ssig=I35GxT42lC",李荣浩 版权,李荣浩 版权,True,,2026-04-19 04:05:58+08:00,True,103
5282123646763399,#李荣浩说不需要赔偿#总结来说，单依纯：我选李白，李荣浩：婉拒了单依纯：我抢～又能怎李荣浩：！！！单依纯：我给钱李荣浩：我不要钱，你再也别唱了李荣浩最后表示不再主动提此事，但保留权利。实属体面了，为什么还有粉丝骂啊,1774868677,2026-03-30 11:04:37+08:00,91,9,2,1780547145897,https://m.weibo.cn/detail/5282123646763399,浙江,1463503853,爱玩的喵喵小沫,f,https://m.weibo.cn/u/1463503853?launchid=10000360-page_H5,"https://tvax3.sinaimg.cn/crop.0.0.1080.1080.180/573b4bedly8i4tuvlhm40j20u00u041i.jpg?KID=imgbed,tva&Expires=1780557942&ssig=Uywqtq9VZB",单依纯 停唱 李白,单依纯 停唱 李白,True,,2026-03-30 11:04:37+08:00,True,102
5284388062365949,#人民日报谈李荣浩单依纯版权风波#人民日报的评论一针见血，为这场版权风波定调。舞台之上，版权从来都不是选择题，而是必须遵守的必答题。李荣浩的维权，是对原创底线的正当捍卫；单依纯的道歉，是对侵权行为的反思。但道歉与赔偿不能成为漠视规则的挡箭牌，“先侵权后致歉”更不该成为行业常态。尊...全文,1775408556,2026-04-05 17:02:36+08:00,86,13,0,1780546495392,https://m.weibo.cn/detail/5284388062365949,山西,6799125279,纯爱花妈,f,https://m.weibo.cn/u/6799125279?launchid=10000360-page_H5,"https://tvax2.sinaimg.cn/crop.0.0.1080.1080.180/007q8r4Xly8idka8aknpij30u00u0q5g.jpg?KID=imgbed,tva&Expires=1780557294&ssig=86yOL1BwXh",李荣浩 赔偿,李荣浩 赔偿,True,,2026-04-05 17:02:36+08:00,True,99
5284305581904182,#人民日报谈李荣浩单依纯版权风波#  关于此次版权风波，单依纯方及粉丝已经承认错误，从来没有拒错不认。  并且单依纯本人已经主动揽责承担所有相关责任，开放过48小时免费无责退票通道，并诚恳道歉愿意承担所有相关赔偿。我们只是呼吁大家不要将此次事件上升到无底线的🧼 网暴。  另...全文,1775388891,2026-04-05 11:34:51+08:00,87,8,2,1780546590584,https://m.weibo.cn/detail/5284305581904182,湖北,7215004465,哈喇子的勾勾,m,https://m.weibo.cn/u/7215004465?launchid=10000360-page_H5,"https://tvax1.sinaimg.cn/crop.0.0.1080.1080.180/007ShqfLly8idqzswm649j30u00u0dhv.jpg?KID=imgbed,tva&Expires=1780557389&ssig=bsBjeCuysr",李荣浩 赔偿,李荣浩 赔偿,True,,2026-04-05 11:34:51+08:00,True,97
5297647193686860,#吴彤直播道歉#《国乐无双》直播多次延误、推迟开播，让粉丝苦等许久，吴彤开播后主动鞠躬致歉，坦言为尊重艺人舞台心血才延后流程。单依纯也暖心点醒#单依纯说吴彤谨言慎行#，做人做事常怀谦卑、谨言慎行本就是本分。真诚认错、虚心自省，态度端正自然能收获观众包容与理解。,1778569779,2026-05-12 07:09:39+08:00,82,14,0,1780543816894,https://m.weibo.cn/detail/5297647193686860,辽宁,2450045597,滚滚红雷,f,https://m.weibo.cn/u/2450045597?launchid=10000360-page_H5,"https://tvax2.sinaimg.cn/crop.0.0.1080.1080.180/9208ba9dly8fj7w6dmo5hj20u00u0q5o.jpg?KID=imgbed,tva&Expires=1780554616&ssig=qFPseY0UBL",单依纯 道歉,单依纯 道歉,True,,2026-05-12 07:09:39+08:00,False,96
5282223969537785,#单依纯歌迷损失512元手续费强行退票#一、版权侵权事件引发退票潮侵权事实与责任争议单依纯在3月28日深圳演唱会中演唱李荣浩作品《李白》，但李荣浩团队此前已通过邮件拒绝授权，中国音乐著作权协会（音著协）也确认未发放任何许可文件，该行为被定性为“强行侵权”。单依纯及主办方（百沐娱乐、阔...全文,1774892596,2026-03-30 17:43:16+08:00,72,20,1,1780548084989,https://m.weibo.cn/detail/5282223969537785,江苏,7207021026,Riky4Icy,m,https://m.weibo.cn/u/7207021026?launchid=10000360-page_H5,"https://tvax1.sinaimg.cn/crop.0.0.1080.1080.180/007RJVoCly8i9op71nepwj30u00u0abc.jpg?KID=imgbed,tva&Expires=1780558884&ssig=%2BfbcpRYCKv",百沐 退票,百沐 退票,True,,2026-03-30 17:43:16+08:00,True,93
5284085456966066,杨天真说的一点没错。那英在综艺里，想清唱几句 《一眼千年》，别人都觉得：你是原唱，唱两句还要问？那英说：不行，得问钱雷！立马掏手机打给作曲人钱雷：“我就清唱3—5句，这个要收钱吗？”钱雷说：“没事，几句而已。”那英才放心唱。歌是那英唱的，但写歌、版权是钱雷的。综艺是商业节目...全文,1775336409,2026-04-04 21:00:09+08:00,71,19,1,1780541935082,https://m.weibo.cn/detail/5284085456966066,黑龙江,8011445357,奶芙fu兔,f,https://m.weibo.cn/u/8011445357?launchid=10000360-page_H5,"https://tvax2.sinaimg.cn/crop.0.0.1080.1080.180/008KbcUBly8ibrrngcpdyj30u00u040t.jpg?KID=imgbed,tva&Expires=1780552734&ssig=1QUEXAj%2FdZ",强行侵权 李白,强行侵权 李白,True,,2026-04-04 21:00:09+08:00,True,91
5302185640332059,#常石磊读别乱改李白弹幕笑疯了##常石磊读弹幕被提醒谨言慎行##国乐无双#常石磊也太敢了！当场把网友“别乱改李白，不然李荣浩不原谅”的弹幕水灵灵读出来吴彤紧急表情连招提醒：谨言慎行啊老师！综艺效果直接拉满，这段我能循环笑一天😂,1779651829,2026-05-24 19:43:49+08:00,46,17,28,1780542664354,https://m.weibo.cn/detail/5302185640332059,山西,6580966700,追剧少女刘书欣,f,https://m.weibo.cn/u/6580966700?launchid=10000360-page_H5,"https://tvax2.sinaimg.cn/crop.0.0.995.995.180/007bn44cly8h8v0hbdxzrj30rn0rnaca.jpg?KID=imgbed,tva&Expires=1780553463&ssig=Cdg2r9t5JS",李荣浩 李白,李荣浩 李白,True,,2026-05-24 19:43:49+08:00,False,91
5283164232352589,#李荣浩淡出荧幕#遭李荣浩发文炮轰，单依纯如今的“翻车”，其实早被李健预言了 小鱼渡劫的微博视频,1775116772,2026-04-02 07:59:32+08:00,74,15,0,1780542068912,https://m.weibo.cn/detail/5283164232352589,北京,5047361807,小鱼渡劫,m,https://m.weibo.cn/u/5047361807?launchid=10000360-page_H5,"https://tvax4.sinaimg.cn/crop.0.0.1080.1080.180/005vAdnply8i93fr02bv1j30u00u00yi.jpg?KID=imgbed,tva&Expires=1780552867&ssig=XK0oICxqLF",强行侵权 李白,强行侵权 李白,True,,2026-04-02 07:59:32+08:00,True,89
5282686566402217,KKecho发文谈版权问题！表示自己这些年做的一些歌曲，自己比任何人都珍惜它们，但这些音乐版权并不属于自己！#李荣浩 打响版权维护第一枪#,1775002888,2026-04-01 00:21:28+08:00,82,6,0,1780549952704,https://m.weibo.cn/detail/5282686566402217,安徽,5886158017,SwagFxxk_,m,https://m.weibo.cn/u/5886158017?launchid=10000360-page_H5,"https://tvax4.sinaimg.cn/crop.0.0.512.512.180/006qlIAxly8gnhq3sgbqqj30e80e8my3.jpg?KID=imgbed,tva&Expires=1780560751&ssig=%2BDXvHyS7aJ",李荣浩 打响 版权,李荣浩 打响 版权,True,,2026-04-01 00:21:28+08:00,True,88
5304022592651392,再见朋友真的要来了芒果你是真的听劝啊，后会友期已经提上日程了很好奇能不能请到汪苏泷和张碧晨，炎亚纶和汪东城，李荣浩和单依纯，赵露思和虞书欣，王鹤棣和沈月…… 祐主的微博视频,1780089792,2026-05-29 21:23:12+08:00,84,4,0,1780539474070,https://m.weibo.cn/detail/5304022592651392,广东,7446482683,祐主,m,https://m.weibo.cn/u/7446482683?launchid=10000360-page_H5,"https://tvax3.sinaimg.cn/crop.0.0.1080.1080.180/0087WGjply8idarqa4agtj30u00u0tfb.jpg?KID=imgbed,tva&Expires=1780550273&ssig=mM9CheqRLA",李荣浩 单依纯,李荣浩 单依纯,True,,2026-05-29 21:23:12+08:00,False,88
5290553102303633,单依纯演唱会郑州站又打折了。郑州是单依纯巡演2026年的第三站。但是售票预期很不理想。其实她是一个优秀的歌手，只不过那首《李白》侵权事件或多或少会对她的口碑以及票房🈶影响。她还很年轻，还是觉得应该多一些沉淀比较好。 躲雨的红豆的微博视频,1776878415,2026-04-22 17:20:15+08:00,70,14,2,1780541242678,https://m.weibo.cn/detail/5290553102303633,黑龙江,7978882473,躲雨的红豆,f,https://m.weibo.cn/u/7978882473?launchid=10000360-page_H5,"https://tvax1.sinaimg.cn/crop.0.0.400.400.180/008HYzONly8hyh70cn44ij30b40b4dg0.jpg?KID=imgbed,tva&Expires=1780552041&ssig=B1qeBn%2FcHe",单依纯 侵权,单依纯 侵权,True,,2026-04-22 17:20:15+08:00,True,86
5303651863108066,240505 东阳横店｜李荣浩《李白》 Aesthylune的微博视频,1780001404,2026-05-28 20:50:04+08:00,77,8,0,1780542590707,https://m.weibo.cn/detail/5303651863108066,浙江,5726467082,Aesthylune,f,https://m.weibo.cn/u/5726467082?launchid=10000360-page_H5,"https://tvax4.sinaimg.cn/crop.0.0.1080.1080.180/006fxFGily8ib5hnk35ryj30u00u0wh4.jpg?KID=imgbed,tva&Expires=1780553389&ssig=AT78bCPhuz",李荣浩 李白,李荣浩 李白,True,,2026-05-28 20:50:04+08:00,False,85
5283222883928340,单依纯，被曝大瓜！4月1日，单依纯再次登上了热搜，这版权的风波居然是连环翻车的节奏！前脚刚为侵权的歌曲《李白》公开道歉，后脚临时换的救场歌曲，又被曝光出没有拿到原作者的授权，短短三天时间内，踩了两次版权的红线，这波操作我是真的没看懂…… 女烟神CTJ的微博视频,1775130756,2026-04-02 11:52:36+08:00,64,18,3,1780547146122,https://m.weibo.cn/detail/5283222883928340,吉林,6969803811,女烟神CTJ,f,https://m.weibo.cn/u/6969803811?launchid=10000360-page_H5,"https://tvax2.sinaimg.cn/crop.0.0.800.800.180/007BGAmvly8hrr46b6lc9j30m80m8tb5.jpg?KID=imgbed,tva&Expires=1780557942&ssig=cOwAXy%2FhQK",单依纯 停唱 李白,单依纯 停唱 李白,True,,2026-04-02 11:52:36+08:00,True,85
5301895008616848,#单依纯终于原谅观众了#她跟李荣浩的事情解决了吗,1779582537,2026-05-24 00:28:57+08:00,69,15,0,1780539754828,https://m.weibo.cn/detail/5301895008616848,四川,7717725500,xoej-October28,f,https://m.weibo.cn/u/7717725500?launchid=10000360-page_H5,"https://tvax4.sinaimg.cn/crop.0.0.1080.1080.180/008qiMXyly8idfw9hhg77j30u00u076a.jpg?KID=imgbed,tva&Expires=1780550553&ssig=llzYuCT0dT",李荣浩 单依纯,李荣浩 单依纯,True,,2026-05-24 00:28:57+08:00,False,84
5282446003671722,#音著协回应单依纯侵权唱李白#中国音乐著作权协会（音著协）已明确介入并定性了单依纯在演唱会上演唱歌曲《李白》的版权事件。根据音著协的声明和公开信息，此次事件的核心事实如下：⚖️ 事件核心：申请被拒后仍演唱1.  事前申请与明确拒绝：在2026年3月28日深圳演唱会前，单依纯团队曾通过音著协...全文,1774945533,2026-03-31 08:25:33+08:00,68,16,0,1780547466544,https://m.weibo.cn/detail/5282446003671722,河北,6612181532,冰诺超级皮,f,https://m.weibo.cn/u/6612181532?launchid=10000360-page_H5,"https://tvax4.sinaimg.cn/crop.0.0.996.996.180/007du2tely8iawl9areyfj30ro0rojso.jpg?KID=imgbed,tva&Expires=1780558265&ssig=wVYZ1GdtGR",单依纯 停唱 李白,单依纯 停唱 李白,True,,2026-03-31 08:25:33+08:00,True,84
5284381145960404,绝了！孟子义早年神预言，李荣浩单依纯版权大战！几年前在综艺里听单依纯改编《李白》，孟姐随口问了一句：“李荣浩能同意吗？”当时全当玩笑听，谁能想到今天居然真的预言了这场版权大战！这边李荣浩公开怒怼单依纯强行侵权，拒绝授权照唱不误，连发四连问；那边人民日报连夜下场定性——版权不是...全文,1775406907,2026-04-05 16:35:07+08:00,76,8,0,1780545732916,https://m.weibo.cn/detail/5284381145960404,黑龙江,7978882473,躲雨的红豆,f,https://m.weibo.cn/u/7978882473?launchid=10000360-page_H5,"https://tvax1.sinaimg.cn/crop.0.0.400.400.180/008HYzONly8hyh70cn44ij30b40b4dg0.jpg?KID=imgbed,tva&Expires=1780556532&ssig=vAcShQPJ8s",单依纯 道歉 李白,单依纯 道歉 李白|强行侵权 李白,True,,2026-04-05 16:35:07+08:00,True,84
5292379855652543,#单依纯郑州演唱会打折#单依纯昨天郑州演唱会门票打折   原价1880门票只需要900多  最后上座率也不高 看来和李荣浩事件对她影响很大  单依纯近30天掉粉30万并且郑州还因为在地铁播放单依纯李荣浩侵权案例当典型，被单依纯粉丝壁垒了  说以后再也不会去这个城市了  甚至还在超话公开发帖：不让粉丝乘...全文,1777313948,2026-04-27 18:19:08+08:00,63,17,3,1780540707843,https://m.weibo.cn/detail/5292379855652543,山西,6760259780,希望天天都是上上签哦,f,https://m.weibo.cn/u/6760259780?launchid=10000360-page_H5,"https://tvax1.sinaimg.cn/crop.0.0.996.996.180/007nvmo4ly8gq0h7swpnaj30ro0rognm.jpg?KID=imgbed,tva&Expires=1780551506&ssig=A6Cu3qtYUr",单依纯 侵权,单依纯 侵权,True,,2026-04-27 18:19:08+08:00,True,83
5282530697937472,李荣浩 打响版权维护第一枪原来版权不在自己手里，哪怕是原唱也不能随便唱，这是真不怪大家版权意识强啊 只愿沒有眼淚的明天的微博视频,1774965725,2026-03-31 14:02:05+08:00,68,14,0,1780550164742,https://m.weibo.cn/detail/5282530697937472,四川,6559548034,赖床小嘻,m,https://m.weibo.cn/u/6559548034?launchid=10000360-page_H5,"https://tvax3.sinaimg.cn/crop.0.0.1080.1080.180/0079Vc5Qly8icul5zv6gdj30u00u0din.jpg?KID=imgbed,tva&Expires=1780560963&ssig=4n1KuVFlJb",李荣浩 打响 版权,李荣浩 打响 版权,True,,2026-03-31 14:02:05+08:00,True,82
5286159802438911,#单依纯工作室巡演版权说明#我说真的你们别太过分了 单依纯不到12小时先道歉演出完之后立马又发声明 个人揽下了所有责任并赔偿，你们还在问“为什么还要强行侵权”是脑子不好还是眼睛瞎了？那我问问李荣浩被指抄袭之后结果最后工作室出来说“不再做任何回应”就美美躲起来了，你们怎么不去问问李荣浩...全文,1775830972,2026-04-10 14:22:52+08:00,77,3,2,1780546357175,https://m.weibo.cn/detail/5286159802438911,陕西,6476134671,小闻小闻学习了吗,m,https://m.weibo.cn/u/6476134671?launchid=10000360-page_H5,"https://tvax3.sinaimg.cn/crop.0.0.1080.1080.180/0074hct1ly8gz1svi5kp6j30u00u1wgt.jpg?KID=imgbed,tva&Expires=1780557156&ssig=%2B97K8AWj%2B0",李荣浩 赔偿,单依纯 道歉|李荣浩 赔偿,True,,2026-04-10 14:22:52+08:00,True,82
5301004120883424,李荣浩：怎么我的李白成李白唱的了！#我的幽默灵感片场# 印先生的微博视频,1779370132,2026-05-21 13:28:52+08:00,58,19,4,1780542945780,https://m.weibo.cn/detail/5301004120883424,江苏,2308520670,印先生,m,https://m.weibo.cn/u/2308520670?launchid=10000360-page_H5,"https://tvax2.sinaimg.cn/crop.0.0.1080.1080.180/89993adely8ic0g6eguxsj20u00u0goj.jpg?KID=imgbed,tva&Expires=1780553744&ssig=jY2luvtCm5",李荣浩 李白,李荣浩 李白,True,,2026-05-21 13:28:52+08:00,False,81
5282327208138210,李荣浩单依纯事件完整时间线来了。单依纯第一次唱《李白》是在芒果的节目上，李荣浩授权了节目组，给了她改编演唱的权限，当时火了，即使李荣浩不喜欢她改的版本，也并不认为她构成了改编，但是很体面，当时没有在公众面前表示过自己的不满。第二次，单依纯在音乐节上唱《李白》是通过音著协拿到了...全文,1774917210,2026-03-31 00:33:30+08:00,60,18,1,1780542126089,https://m.weibo.cn/detail/5282327208138210,吉林,6032517189,貂蝉娱鲜声,f,https://m.weibo.cn/u/6032517189?launchid=10000360-page_H5,"https://tvax4.sinaimg.cn/crop.0.0.800.800.180/006AfPilly8hzhcnqutpcj30m80m8mzr.jpg?KID=imgbed,tva&Expires=1780552925&ssig=WnbrGO4X31",强行侵权 李白,强行侵权 李白,True,,2026-03-31 00:33:30+08:00,True,79
5282575576994577,#李荣浩版权维护让音乐圈逐渐觉醒#【中听评论：李荣浩这一枪，打出了音乐圈的“觉醒年代”】#音乐人集体维权暴露版权野蛮生长现状#李荣浩打响了版权维护的第一枪，今年甚至被网友戏称为“荣浩原创元年”。在他炮轰单依纯侵权之后，水木年华卢庚戌、作曲家阿鲲、音乐人LBI利比纷纷跟进，利用这股舆论势...全文,1774976426,2026-03-31 17:00:26+08:00,68,9,2,1780549875882,https://m.weibo.cn/detail/5282575576994577,,1771221871,大象评论,m,https://m.weibo.cn/u/1771221871?launchid=10000360-page_H5,"https://tvax2.sinaimg.cn/crop.0.0.1080.1080.180/6992b36fly8haztqjotooj20u00u0jtf.jpg?KID=imgbed,tva&Expires=1780560675&ssig=%2BwnhRI7QDa",李荣浩 打响 版权,李荣浩 打响 版权,True,,2026-03-31 17:00:26+08:00,True,79
5282659116777700,#单依纯拉黑网友#什么？拉黑网友……不可能吧！要核实清楚啊！主办方深夜致歉！单依纯版权风波反转，责任终于说清了 电竞大舅哥的微博视频,1774996342,2026-03-31 22:32:22+08:00,65,13,0,1780547345935,https://m.weibo.cn/detail/5282659116777700,甘肃,7917925279,电竞大舅哥,m,https://m.weibo.cn/u/7917925279?launchid=10000360-page_H5,"https://tvax2.sinaimg.cn/crop.0.0.1080.1080.180/008DQO4fly8idgsek7zajj30u00u0adj.jpg?KID=imgbed,tva&Expires=1780558145&ssig=kPdiHOMAFI",单依纯 停唱 李白,单依纯 停唱 李白,True,,2026-03-31 22:32:22+08:00,True,78
5283550572055877,#乐评人解读李荣浩被质疑#如果单依纯这样发文回应：“这件事我不想躲过去网上对我的侵权风波二巡开始时而出现首先我要说 我没有侵权!!从入行以来翻唱过很多歌这一首叫《李白》的争议是我一直以来一个有口难辩的事儿信不信是大家的权利想骂的可以开骂在这首歌的问题上我认为已经超越侵权就是那首歌...全文,1775208883,2026-04-03 09:34:43+08:00,77,1,0,1780545962713,https://m.weibo.cn/detail/5283550572055877,广东,6162209442,江信江疑罢了,m,https://m.weibo.cn/u/6162209442?launchid=10000360-page_H5,"https://tvax1.sinaimg.cn/crop.0.0.395.395.180/006J20aSly8h1tuglr696j30az0azmxb.jpg?KID=imgbed,tva&Expires=1780556761&ssig=UgaiZMoG4g",单依纯 道歉 李白,单依纯 道歉 李白,True,,2026-04-03 09:34:43+08:00,True,78
5282111285893797,单依纯这事儿，二度道歉了，但李荣浩那句“唏嘘”挺戳人的。时间线很清楚：去年《歌手》翻唱《李白》，“如何呢又能怎”刷屏，李荣浩当时没吭声，“保她”了。这次演唱会前，单依纯方确实申请过授权，但李荣浩公司通过邮件明确婉拒。结果28号她还是唱了。李荣浩晒出音著协确认邮件，连发四问：“你用...全文,1774865730,2026-03-30 10:15:30+08:00,69,9,0,1780547345967,https://m.weibo.cn/detail/5282111285893797,黑龙江,7978882473,躲雨的红豆,f,https://m.weibo.cn/u/7978882473?launchid=10000360-page_H5,"https://tvax1.sinaimg.cn/crop.0.0.400.400.180/008HYzONly8hyh70cn44ij30b40b4dg0.jpg?KID=imgbed,tva&Expires=1780558145&ssig=jvJnNI6s81",单依纯 停唱 李白,单依纯 停唱 李白,True,,2026-03-30 10:15:30+08:00,True,78
5289883288739623,OI❗ #李荣浩 单依纯强行侵权##单依纯演唱会预录#,1776718720,2026-04-20 20:58:40+08:00,70,6,0,1780541276081,https://m.weibo.cn/detail/5289883288739623,浙江,7112660767,17B331同学,m,https://m.weibo.cn/u/7112660767?launchid=10000360-page_H5,"https://tvax4.sinaimg.cn/crop.0.0.1080.1080.180/007LlZYXly8hvadkevrhgj30u00u0773.jpg?KID=imgbed,tva&Expires=1780552075&ssig=L%2B9znvETzl",单依纯 侵权,单依纯 侵权,True,,2026-04-20 20:58:40+08:00,True,76
5292327977617066,单依纯郑州上座率这么低..嘛，单依纯演唱会票价大跳水！原价1880打五折都卖不出去 陈屿学长的微博视频,1777301579,2026-04-27 14:52:59+08:00,63,4,9,1780549280679,https://m.weibo.cn/detail/5292327977617066,四川,3978030571,陈屿学长,m,https://m.weibo.cn/u/3978030571?launchid=10000360-page_H5,"https://tvax3.sinaimg.cn/crop.0.0.1080.1080.180/ed1bedebly8id5d2yicp1j20u00u0tb0.jpg?KID=imgbed,tva&Expires=1780560079&ssig=IihXMal%2FKX",单依纯 李荣浩 版权,单依纯 李荣浩 版权|单依纯 道歉|李荣浩 版权,True,,2026-04-27 14:52:59+08:00,True,76
5282502128435364,李荣浩 允许载入史册#李荣浩 打响版权维护第一枪# ,1774958913,2026-03-31 12:08:33+08:00,54,20,1,1780549803572,https://m.weibo.cn/detail/5282502128435364,山东,7521631023,李荣喵,m,https://m.weibo.cn/u/7521631023?launchid=10000360-page_H5,"https://tvax4.sinaimg.cn/crop.0.0.1080.1080.180/008d1ZPply8ibo505mseaj30u00u0q4d.jpg?KID=imgbed,tva&Expires=1780560602&ssig=yJSmZi%2BssF",李荣浩 打响 版权,李荣浩 打响 版权,True,,2026-03-31 12:08:33+08:00,True,75
5288258066187957,#吴向飞发李荣浩相关情况说明#吴向飞上条微博不是说最后一次回复吗？整件事和李荣浩的关系为0 李荣浩在这里起到了免费流量的作用,1776331237,2026-04-16 09:20:37+08:00,60,14,0,1780549485942,https://m.weibo.cn/detail/5288258066187957,云南,5250723934,李冷冷·,f,https://m.weibo.cn/u/5250723934?launchid=10000360-page_H5,"https://tvax4.sinaimg.cn/crop.0.0.1080.1080.180/005Jlv9Ily8hr0dlcv7tnj30u00u0jv7.jpg?KID=imgbed,tva&Expires=1780560278&ssig=U1ZDUMKoBW",单依纯 李荣浩 版权,单依纯 李荣浩 版权|强行侵权 李白,True,,2026-04-16 09:20:37+08:00,True,74
5299529295333975,内娱艺人上半年的抖指峰值一览~①破2000w的5个人：单依纯、李荣浩、赵露思、沈腾、何润东（前两位是版权风波，后三个是靠作品）② 可以看出纯靠作品维持热度排名前三十的只有沈腾、田曦薇、胡歌、代旭③ 90％艺人维持话题度靠舆情、综艺节目，纯靠剧集作品热度很低甚至没有,1779018507,2026-05-17 11:48:27+08:00,55,16,2,1780549037037,https://m.weibo.cn/detail/5299529295333975,山西,7751509776,一口大屁桃桃,m,https://m.weibo.cn/u/7751509776?launchid=10000360-page_H5,"https://tvax3.sinaimg.cn/crop.0.0.1080.1080.180/008sAxNely8hadj21r6b7j30u00u0dhn.jpg?KID=imgbed,tva&Expires=1780559836&ssig=%2BeX6OfMlCJ",单依纯 李荣浩 版权,单依纯 李荣浩 版权|李荣浩 版权,True,,2026-05-17 11:48:27+08:00,False,73
5297897480389085,就说两个人捆绑久了会翻车吧上一次是单依纯，这次轮到常石磊了单依纯上次在自己演唱会上，不顾版权问题，执意唱李荣浩的《李白》，直接被李荣浩点名这次常石磊说自己不听李宇春的歌，他自己都说十多年前，跟李宇春合作过，但就是不听她的歌如果不喜欢一个歌手，不听这个歌手的歌，这没问题...全文,1778629452,2026-05-12 23:44:12+08:00,47,8,18,1780549131668,https://m.weibo.cn/detail/5297897480389085,河北,6731429355,显眼包,m,https://m.weibo.cn/u/6731429355?launchid=10000360-page_H5,"https://tvax1.sinaimg.cn/crop.0.0.1080.1080.180/007lyohdly8hwjc8hfcdbj30u00u042p.jpg?KID=imgbed,tva&Expires=1780559930&ssig=gY3LPIdm%2Bm",单依纯 李荣浩 版权,单依纯 李荣浩 版权|李荣浩 版权,True,,2026-05-12 23:44:12+08:00,False,73
5297870711560312,不得不说，艺人之间过度捆绑久了，真的很容易接连翻车。 前有单依纯，现在又轮到常石磊了。之前单依纯在自己演唱会上，不顾版权私自翻唱李荣浩的《李白》，事后直接被李荣浩公开点名，场面一度很尴尬。 而这次常石磊的发言更是让人摸不着头脑，直言自己从来不听李宇春的歌。要知道两人多年前就有深...全文,1778623070,2026-05-12 21:57:50+08:00,58,11,0,1780549131676,https://m.weibo.cn/detail/5297870711560312,河北,5037842556,追剧-,f,https://m.weibo.cn/u/5037842556?launchid=10000360-page_H5,"https://tvax4.sinaimg.cn/crop.0.0.1080.1080.180/005uWgZ6ly8hz4trfv7y5j30u00u0dj6.jpg?KID=imgbed,tva&Expires=1780559930&ssig=jQlA6cIkRK",单依纯 李荣浩 版权,单依纯 李荣浩 版权|李荣浩 版权,True,,2026-05-12 21:57:50+08:00,False,69
5286148660267115,#单依纯工作室巡演版权说明#真的为有些人的理解能力感到捉急1. 《李白》侵权了，没得洗，板上钉钉了，单依纯方全责。个人见解，团队负责这个模块的人肯定是出了纰漏，但她作为总监，没有做到监管义务。就像一个上市公司，难道所有的错误都是ceo犯的？必然不是，但也不可能让哪个员工出来认错，作为c...全文,1775828315,2026-04-10 13:38:35+08:00,56,11,0,1780545582253,https://m.weibo.cn/detail/5286148660267115,安徽,4034993085,wowo10086,m,https://m.weibo.cn/u/4034993085?launchid=10000360-page_H5,"https://tvax4.sinaimg.cn/crop.0.0.1080.1080.180/f0811bbdly8ic1mnn1ftaj20u00u0tas.jpg?KID=imgbed,tva&Expires=1780556381&ssig=WLxaMZl8wf",单依纯 道歉 李白,单依纯 道歉 李白,True,,2026-04-10 13:38:35+08:00,True,67
5304316522924459,31这款cp可以磕吗？当然可以了。王鹤帝嗑完当场不敏感了，沈月磕了以后立马拿到我只是沈月奖，凡子磕完以后缝纫机直接踩到飞起，单依纯李荣浩磕完以后当场合唱李白,1780159871,2026-05-30 16:51:11+08:00,57,9,1,1780542496750,https://m.weibo.cn/detail/5304316522924459,山西,5868552313,你们之间总有一点爱吧,f,https://m.weibo.cn/u/5868552313?launchid=10000360-page_H5,"https://tvax1.sinaimg.cn/crop.0.0.1080.1080.180/006p9Qxzly8idq9f8rddrj30u00u0jtf.jpg?KID=imgbed,tva&Expires=1780553295&ssig=zOUPcHu9C%2B",李荣浩 李白,李荣浩 单依纯|李荣浩 李白,True,,2026-05-30 16:51:11+08:00,False,67
5283704211244542,#席瑞喊话李荣浩##音乐##抄袭# 这场风波能炸出全网共鸣，从来不是因为“李荣浩抄没抄袭”，而是我们终于忍不了明星“双标维权”的霸权逻辑了。📌 事件的核心争议，并非《小眼睛》是否涉及创作相似，而是公众感受到的维权标准不一致：在单依纯相关事件中，他通过公开平台表达立场、引导舆论关注；...全文,1775245513,2026-04-03 19:45:13+08:00,46,20,0,1780546824412,https://m.weibo.cn/detail/5283704211244542,福建,2921452007,哈凌Q,f,https://m.weibo.cn/u/2921452007?launchid=10000360-page_H5,"https://tvax1.sinaimg.cn/crop.0.0.1080.1080.180/ae21d1e7ly8ibo8bg9zkkj20u00u0q5g.jpg?KID=imgbed,tva&Expires=1780557623&ssig=LEuNicNgy8",李荣浩 赔偿,李荣浩 赔偿,True,,2026-04-03 19:45:13+08:00,True,66
5302593586990608,单依纯翻唱李荣浩的李白，大家怎么看🤔 如何呢 又能怎 冲浪少女麦芽酱的微博视频,1779749091,2026-05-25 22:44:51+08:00,34,20,10,1780542645084,https://m.weibo.cn/detail/5302593586990608,北京,3779202361,冲浪少女麦芽酱,f,https://m.weibo.cn/u/3779202361?launchid=10000360-page_H5,"https://tvax3.sinaimg.cn/crop.0.0.1000.1000.180/e1420d39ly8i3h0fydl8dj20rs0rsq4e.jpg?KID=imgbed,tva&Expires=1780553444&ssig=0KFp3mX8OG",李荣浩 李白,李荣浩 单依纯|李荣浩 李白,True,,2026-05-25 22:44:51+08:00,False,64
5282497001948134,#李荣浩 打响版权维护第一枪##微博智搜内容共创计划# 李荣浩针对商用演出版权侵权一事的强硬维权，以“不妥协赔偿、只捍卫底线”的鲜明态度，彻底撕开了音乐行业长期存在的版权合规漏洞，而单依纯及时的道歉与主动停唱侵权曲目，更让这起事件成为行业规范商用演出版权的关键转折点，这场看似个体之间...全文,1774957692,2026-03-31 11:48:12+08:00,50,13,0,1780547388274,https://m.weibo.cn/detail/5282497001948134,浙江,7532559586,明变是飞,f,https://m.weibo.cn/u/7532559586?launchid=10000360-page_H5,"https://tvax4.sinaimg.cn/crop.0.0.1080.1080.180/008dLQQyly8i2is2zi60yj30u00u0q4a.jpg?KID=imgbed,tva&Expires=1780558187&ssig=9pioO0rbVv",单依纯 停唱 李白,单依纯 停唱 李白,True,,2026-03-31 11:48:12+08:00,True,63
5288848342911435,#单依纯若捆绑王菲宣传涉嫌违法#捷径变弯路：流量套路换不来长久。 单依纯新歌MV造型与王菲经典形象撞型，捆绑宣传争议再起。法律上或无侵权实锤，但舆论反噬早已埋下隐患。这像一条看似好走的捷径，实则是消耗自身的弯路。 此前与李荣浩的《李白》版权风波未平，此番造型争议又起。接连两次风...全文,1776471970,2026-04-18 00:26:10+08:00,55,7,0,1780549430984,https://m.weibo.cn/detail/5288848342911435,江苏,2210519722,财火旺,m,https://m.weibo.cn/u/2210519722?launchid=10000360-page_H5,"https://tva2.sinaimg.cn/crop.288.16.864.864.180/83c1daaagw1efginxpg4nj21400p0arf.jpg?KID=imgbed,tva&Expires=1780560230&ssig=vsWaUrB2VF",单依纯 李荣浩 版权,单依纯 李荣浩 版权,True,,2026-04-18 00:26:10+08:00,True,62
5282654317970718,我去！又一位知名rapper发声了！KKECHO透露自己也没有拿到自己的音乐版权，啥情况？#李荣浩 打响版权维护第一枪#,1774995199,2026-03-31 22:13:19+08:00,57,4,0,1780549803580,https://m.weibo.cn/detail/5282654317970718,江西,1776073650,中文说唱全记录,m,https://m.weibo.cn/u/1776073650?launchid=10000360-page_H5,"https://tvax4.sinaimg.cn/crop.339.115.848.848.180/69dcbbb2ly8g7u4esncuaj216f0u0wh5.jpg?KID=imgbed,tva&Expires=1780560602&ssig=v1FkTA9qFh",李荣浩 打响 版权,李荣浩 打响 版权,True,,2026-03-31 22:13:19+08:00,True,61
5282821998642830,单依纯这次是真栽了！李荣浩直接开撕，说团队明明申请授权被拒，还强行在演唱会上唱《李白》，连发好几条质问“你是来报仇的？”。最狠的是那句“我保你万全，你登上神台，我没有回复任何一字一句”，这话听着就扎心——当年好声音没转身，但李荣浩一直对外夸她，结果人家转头就搞这出。单依纯也是够...全文,1775035177,2026-04-01 09:19:37+08:00,49,12,0,1780542106239,https://m.weibo.cn/detail/5282821998642830,黑龙江,7978882473,躲雨的红豆,f,https://m.weibo.cn/u/7978882473?launchid=10000360-page_H5,"https://tvax1.sinaimg.cn/crop.0.0.400.400.180/008HYzONly8hyh70cn44ij30b40b4dg0.jpg?KID=imgbed,tva&Expires=1780552905&ssig=SV7U4O5gLN",强行侵权 李白,强行侵权 李白,True,,2026-04-01 09:19:37+08:00,True,61
5283016557469388,明堂唱片还有夏之禹也回应了感觉有点扑朔迷离了#李荣浩 打响版权维护第一枪#,1775081564,2026-04-01 22:12:44+08:00,49,10,2,1780549842234,https://m.weibo.cn/detail/5283016557469388,北京,1674150733,二爱夫,m,https://m.weibo.cn/u/1674150733?launchid=10000360-page_H5,"https://tva4.sinaimg.cn/crop.0.0.180.180.180/63c9834djw1e8qgp5bmzyj2050050aa8.jpg?KID=imgbed,tva&Expires=1780560640&ssig=qZEz7YtQxT",李荣浩 打响 版权,李荣浩 打响 版权,True,,2026-04-01 22:12:44+08:00,True,61
5284290750583226,#人民日报谈李荣浩单依纯版权风波# 1. 两次公开道歉3月29日（首次）：简短回应，并致歉 3月30日凌晨（长文）：正式承认侵权，强调“错误全在我，与任何人无关” 2. 核心整改承诺永久停唱：停止《李白》后续所有演出 下架所有涉及《李白》的宣传、视频、音频素材 全额赔偿：个人承担全额版权使...全文,1775385355,2026-04-05 10:35:55+08:00,47,9,5,1780548002266,https://m.weibo.cn/detail/5284290750583226,陕西,6585090017,安放日记a,m,https://m.weibo.cn/u/6585090017?launchid=10000360-page_H5,"https://tvax4.sinaimg.cn/crop.0.0.1080.1080.180/007bEmJjly8i8meo9e7xkj30u00u0wk8.jpg?KID=imgbed,tva&Expires=1780558801&ssig=ByeYaW4qk6",百沐 退票,单依纯 停唱 李白|单依纯 道歉 李白|百沐 退票,True,,2026-04-05 10:35:55+08:00,True,61
5282050351300721,【#单依纯向所有人道歉##单依纯停止李白后续演出演唱#】3月30日，@单依纯 再度发文道歉：今天，我必须怀着万分愧疚和自责的心情，向所有人郑重道歉——昨天的演唱会中，在实际未获得书面授权的情况下，我演唱了《李白》这首歌，给李荣浩老师带来了伤害，辜负了大家的信任，我在此向所有受影响的朋友...全文,1774851201,2026-03-30 06:13:21+08:00,51,7,2,1780547145959,https://m.weibo.cn/detail/5282050351300721,,6004281123,梨视频,m,https://m.weibo.cn/u/6004281123?launchid=10000360-page_H5,"https://tvax4.sinaimg.cn/crop.0.0.600.600.180/006yllNVly8h8wegdfz5fj30go0gojru.jpg?KID=imgbed,tva&Expires=1780557942&ssig=13oE%2BiSLLy",单依纯 停唱 李白,单依纯 停唱 李白,True,,2026-03-30 06:13:21+08:00,True,60
5284292898849017,#人民日报谈李荣浩单依纯版权风波#某人的抄袭事件也该谈谈吧，人家现在可还没道歉，赔偿呢。甩给公司了。,1775385867,2026-04-05 10:44:27+08:00,56,3,0,1780546668853,https://m.weibo.cn/detail/5284292898849017,广东,7293328328,uniqueeeee___,m,https://m.weibo.cn/u/7293328328?launchid=10000360-page_H5,"https://tvax2.sinaimg.cn/crop.0.0.1080.1080.180/007XA3RSly8idny8av6yqj30u00u0dj2.jpg?KID=imgbed,tva&Expires=1780557468&ssig=%2FX%2F6sZJ0P7",李荣浩 赔偿,李荣浩 赔偿,True,,2026-04-05 10:44:27+08:00,True,59
5282438360338509,#音著协回应单依纯侵权唱李白#2026年3月28日，单依纯在深圳演唱会翻唱李荣浩《李白》，其团队此前申请授权已被明确婉拒。李荣浩公开指控侵权，音著协证实未发放授权，将核查全貌。律师认定此举属主观故意侵权，主办方、经纪公司需连带担责。单依纯致歉，称因信任合作方未核查授权，愿承担全部赔偿，立...全文,1774943711,2026-03-31 07:55:11+08:00,43,16,0,1780547486264,https://m.weibo.cn/detail/5282438360338509,浙江,8003450587,七月妮妮爱摄影,f,https://m.weibo.cn/u/8003450587?launchid=10000360-page_H5,"https://tvax1.sinaimg.cn/crop.0.0.500.500.180/008JDF6Hly8i2623nknzxj30dw0dwq46.jpg?KID=imgbed,tva&Expires=1780558285&ssig=01yhUbW%2Foq",单依纯 停唱 李白,单依纯 停唱 李白,True,,2026-03-31 07:55:11+08:00,True,59
5282866128752015,#李荣浩否认抄袭#回应字字句句挺好的，而且明确说了不是单依纯粉丝干的，该是什么就是什么，内娱打响版权第一枪的人就是这么有活人感啊，挺好挺好不过感觉是背后有人在整李荣浩啊，是不是太刚踩了谁的线啊,1775045699,2026-04-01 12:14:59+08:00,51,7,0,1780549860586,https://m.weibo.cn/detail/5282866128752015,江苏,1998723801,晓茗的超人,f,https://m.weibo.cn/u/1998723801?launchid=10000360-page_H5,"https://tvax1.sinaimg.cn/crop.0.0.1080.1080.180/77221ad9ly8gjjg2bgs15j20u00u0tbg.jpg?KID=imgbed,tva&Expires=1780560659&ssig=K86ELkCPR9",李荣浩 打响 版权,李荣浩 打响 版权,True,,2026-04-01 12:14:59+08:00,True,58
5284334229784387,#人民日报谈李荣浩单依纯版权风波#人民日报4月4日的评论《&quot;又能怎&quot;，真的吗？》太戳心了，我们看到李荣浩控诉单依纯演唱会侵权唱《李白》这事，其实是文艺圈版权乱象的一个缩影。单依纯团队申请翻唱授权被拒，却还是在3月28日深圳场唱了改编版，李荣浩晒出音著协未授权声明怒指&quot;强行侵权&quot;，单依纯次...全文,1775395721,2026-04-05 13:28:41+08:00,24,20,14,1780547213029,https://m.weibo.cn/detail/5284334229784387,北京,6035468986,创可脑洞说,m,https://m.weibo.cn/u/6035468986?launchid=10000360-page_H5,"https://tvax2.sinaimg.cn/crop.0.0.828.828.180/006AsdbYly8giccliczs1j30n00n0js1.jpg?KID=imgbed,tva&Expires=1780558012&ssig=JURVkjpAMP",单依纯 停唱 李白,单依纯 停唱 李白,True,,2026-04-05 13:28:41+08:00,True,58
5283558022453612,炸裂！！李荣浩这波是真的捅了马蜂窝！李荣浩版权骗局实锤？李荣浩前脚刚因为单依纯翻唱《李白》没给授权，冲出来大骂“强行侵权”。谁看了不夸一句版权卫士。结果呢？网友反手就扒出他2016年的《小眼睛》和日本平井坚的《Signal》旋律重合度超过90%。实锤摆在那儿，他说是20年前扒带的练习曲不小...全文,1775210659,2026-04-03 10:04:19+08:00,45,12,0,1780541972269,https://m.weibo.cn/detail/5283558022453612,黑龙江,7978882473,躲雨的红豆,f,https://m.weibo.cn/u/7978882473?launchid=10000360-page_H5,"https://tvax1.sinaimg.cn/crop.0.0.400.400.180/008HYzONly8hyh70cn44ij30b40b4dg0.jpg?KID=imgbed,tva&Expires=1780552771&ssig=dZ6CFVpVCl",强行侵权 李白,强行侵权 李白,True,,2026-04-03 10:04:19+08:00,True,57
5287355198214390,单依纯 TO依纯：     今天是我喜欢你的第1000天！！！！我真的觉得自己很辛运能够了解到你这么好的女孩子，我知道前段时间的版权问题对于你而言有影响，网上都是对你的争议，其中包括有一些人不是说问题而是去攻击你的长相，唱法，甚至上升到人生攻击，而你并没有说什么，只是自己默默承担了...全文,1776115976,2026-04-13 21:32:56+08:00,41,14,1,1780544235171,https://m.weibo.cn/detail/5287355198214390,广西,8019312710,哭哭小单,f,https://m.weibo.cn/u/8019312710?launchid=10000360-page_H5,"https://tvax2.sinaimg.cn/crop.0.0.1080.1080.180/008KIdzoly8id8vibldoaj30u00u0dhr.jpg?KID=imgbed,tva&Expires=1780555034&ssig=vd6VIsE8eU",单依纯 道歉,单依纯 道歉,True,,2026-04-13 21:32:56+08:00,True,56
5292314987071667,郑/州因为播放单依纯侵权案例当典型，被单依纯粉丝避雷郑/州了 #单依纯近30天掉粉30万#,1777298482,2026-04-27 14:01:22+08:00,46,9,1,1780540723813,https://m.weibo.cn/detail/5292314987071667,重庆,5999955067,唯一纯白的茉莉花儿,f,https://m.weibo.cn/u/5999955067?launchid=10000360-page_H5,"https://tvax1.sinaimg.cn/crop.0.0.1080.1080.180/006y3coPly8ibrq73xzkwj30u00u00vk.jpg?KID=imgbed,tva&Expires=1780551522&ssig=%2BmTTLE4eeG",单依纯 侵权,单依纯 侵权,True,,2026-04-27 14:01:22+08:00,True,56
5284331102667309,单依纯、李荣浩版权大战背后：翻唱一首歌单场版权费近百万,1775394976,2026-04-05 13:16:16+08:00,52,3,0,1780545767507,https://m.weibo.cn/detail/5284331102667309,广东,8016679508,lioiokv,f,https://m.weibo.cn/u/8016679508?launchid=10000360-page_H5,"https://tvax1.sinaimg.cn/crop.0.0.1080.1080.180/008Kxayoly8idnxwunl0zj30u00u077l.jpg?KID=imgbed,tva&Expires=1780556566&ssig=P7s6QHk6zF",单依纯 道歉 李白,单依纯 道歉 李白,True,,2026-04-05 13:16:16+08:00,True,55
5284276557054310,#人民日报谈李荣浩单依纯版权风波#  就版权问题单依纯第一时间道歉并积极处理，后个人承担所有责任并积极沟通赔偿。  此外还联系S🎫平台开放全额退款，单依纯从未逃避任何责任，望大家理性看待,1775381971,2026-04-05 09:39:31+08:00,52,2,1,1780546668862,https://m.weibo.cn/detail/5284276557054310,辽宁,7890346766,小数楠楠-想eat蛋乙醇版,f,https://m.weibo.cn/u/7890346766?launchid=10000360-page_H5,"https://tvax3.sinaimg.cn/crop.0.0.879.879.180/008BZ5Dwly1icoj75j6t0j30of0oftac.jpg?KID=imgbed,tva&Expires=1780557468&ssig=%2FPWGmkr%2B1t",李荣浩 赔偿,李荣浩 赔偿,True,,2026-04-05 09:39:31+08:00,True,55
5284441234608464,太解气了！人民日报直接锐评李荣浩、单依纯这场版权风波，明确指出这种烂梗式的网络狂欢已经越界，不仅无视原创版权、混淆是非，还会严重带坏青少年的价值观。一场本应严肃的版权争议，被玩成低俗烂梗大肆传播，确实该好好整治。官方发声及时叫停歪风，既保护创作，也引导网络环境，太有必要了。...全文,1775421233,2026-04-05 20:33:53+08:00,46,4,4,1780541767829,https://m.weibo.cn/detail/5284441234608464,河北,5037842556,追剧-,f,https://m.weibo.cn/u/5037842556?launchid=10000360-page_H5,"https://tvax4.sinaimg.cn/crop.0.0.1080.1080.180/005uWgZ6ly8hz4trfv7y5j30u00u0dj6.jpg?KID=imgbed,tva&Expires=1780552566&ssig=2A%2Fqmwa%2Bms",强行侵权 李白,强行侵权 李白,True,,2026-04-05 20:33:53+08:00,True,54
5284282159339635,人民日报谈李荣浩单依纯版权风波李荣浩和单依纯这场《李白》版权风波，这几天在网上吵翻了天。人民日报客户端4月5日发了一篇锐评，标题叫《“又能怎”，真的吗？》，一针见血。事情的来龙去脉其实很清楚。单依纯团队事先申请过授权，李荣浩明确拒绝了，结果3月28日深圳演唱会上，《李白》还是唱了...全文,1775383307,2026-04-05 10:01:47+08:00,44,10,0,1780545793049,https://m.weibo.cn/detail/5284282159339635,黑龙江,7978882473,躲雨的红豆,f,https://m.weibo.cn/u/7978882473?launchid=10000360-page_H5,"https://tvax1.sinaimg.cn/crop.0.0.400.400.180/008HYzONly8hyh70cn44ij30b40b4dg0.jpg?KID=imgbed,tva&Expires=1780556585&ssig=k7AkQ7RQDT",单依纯 道歉 李白,单依纯 道歉 李白,True,,2026-04-05 10:01:47+08:00,True,54
5289887150639066,单依纯粉丝好忙呀，今天的任务完成了吗？#李荣浩 单依纯强行侵权#,1776719641,2026-04-20 21:14:01+08:00,50,4,0,1780541276070,https://m.weibo.cn/detail/5289887150639066,浙江,7112660767,17B331同学,m,https://m.weibo.cn/u/7112660767?launchid=10000360-page_H5,"https://tvax4.sinaimg.cn/crop.0.0.1080.1080.180/007LlZYXly8hvadkevrhgj30u00u0773.jpg?KID=imgbed,tva&Expires=1780552075&ssig=L%2B9znvETzl",单依纯 侵权,单依纯 侵权,True,,2026-04-20 21:14:01+08:00,True,54
5284302044790956,#人民日报谈李荣浩单依纯版权风波#“老实人”侵权抄袭十年，简单回应错发压缩包就一笔带过美美开演唱会，被夸真男人有担当单依纯道歉➕赔偿被批评带坏小孩，各路媒体下场呼吁要封杀她总结，单依纯你去做个追追手术吧，有追追的人生是旷野呀,1775388047,2026-04-05 11:20:47+08:00,45,7,0,1780546495358,https://m.weibo.cn/detail/5284302044790956,黑龙江,7830334807,幽灵椰子,f,https://m.weibo.cn/u/7830334807?launchid=10000360-page_H5,"https://tvax3.sinaimg.cn/crop.0.0.1080.1080.180/008xVhMHly8iaag0bvayjj30u00u0jub.jpg?KID=imgbed,tva&Expires=1780557294&ssig=NpK530%2B2Wb",李荣浩 赔偿,李荣浩 赔偿,True,,2026-04-05 11:20:47+08:00,True,52
5288940912247955,#单依纯若捆绑王菲宣传涉嫌违法# 单依纯凭借《中国好声音2020》出道即成名，天资出众、唱功扎实，又就读于四川音乐学院，舞台成长经历亮眼，艺术水准极高。可她并未深耕自身艺术与原创表演，反倒在模仿、翻唱他人作品的路上渐行渐远，早前改编翻唱李荣浩《李白》，还因版权问题引发双方纠葛，更是让...全文,1776494040,2026-04-18 06:34:00+08:00,32,17,2,1780549411233,https://m.weibo.cn/detail/5288940912247955,黑龙江,6574722152,沐静儿,f,https://m.weibo.cn/u/6574722152?launchid=10000360-page_H5,"https://tvax3.sinaimg.cn/crop.0.0.938.938.180/007aWRzGly8i04ss9lzdcj30q20q2wge.jpg?KID=imgbed,tva&Expires=1780560210&ssig=4VJpxHSdyw",单依纯 李荣浩 版权,单依纯 李荣浩 版权|李荣浩 版权,True,,2026-04-18 06:34:00+08:00,True,51
5292335098495124,之前的侵权事件对她影响还是很大内场将近打了三折…#单依纯郑州上座率#,1777303276,2026-04-27 15:21:16+08:00,39,6,6,1780540741423,https://m.weibo.cn/detail/5292335098495124,北京,5917736079,就是小括号啊,f,https://m.weibo.cn/u/5917736079?launchid=10000360-page_H5,"https://tvax1.sinaimg.cn/crop.0.0.1080.1080.180/006sudu7ly8i5efv7e7x5j30u00u0jsb.jpg?KID=imgbed,tva&Expires=1780551540&ssig=7tg1KYexZh",单依纯 侵权,单依纯 侵权,True,,2026-04-27 15:21:16+08:00,True,51
5284331369267235,#人民日报谈李荣浩单依纯版权风波#发布该词条的《钱江视频》这屁股歪的，原来早就有预先。和李荣浩早有关联！李荣浩《小眼睛》，自称100%一样，就不算抄袭，而是“超越抄袭”！称自己拖着10年没解决版权，没向原作者道歉赔偿的原因，是“版权公司结业了”。自己当初发作品误发给版权公司，被署名发...全文,1775395038,2026-04-05 13:17:18+08:00,36,6,8,1780546610534,https://m.weibo.cn/detail/5284331369267235,辽宁,7814278523,娱娱沐沐,m,https://m.weibo.cn/u/7814278523?launchid=10000360-page_H5,"https://tvax1.sinaimg.cn/crop.0.0.960.960.180/008wPUOnly8h9zgr35hh5j30qo0qotc5.jpg?KID=imgbed,tva&Expires=1780557409&ssig=E5o2HHJKCD",李荣浩 赔偿,李荣浩 赔偿,True,,2026-04-05 13:17:18+08:00,True,50
5298607042592948,为什么侵权的单依纯能提名金曲五大奖项，到底是实力还是造神运动 娱艺的时光的微博视频,1778798624,2026-05-14 22:43:44+08:00,48,2,0,1780547633011,https://m.weibo.cn/detail/5298607042592948,广东,7955140725,娱艺的时光,m,https://m.weibo.cn/u/7955140725?launchid=10000360-page_H5,"https://tvax3.sinaimg.cn/crop.0.0.1080.1080.180/008GmXvnly8i51ltjy5yoj30u00u0djw.jpg?KID=imgbed,tva&Expires=1780558432&ssig=c%2F2xtZyDZ%2B",单依纯 停唱 李白,单依纯 侵权|单依纯 停唱 李白,True,,2026-05-14 22:43:44+08:00,False,50
5282539976525035,大家都很有版权意识只有（ ）强行侵权#刘宇宁版权意识Max##李荣浩 打响版权维护第一枪##鹿晗超绝版权意识# 游戏发仔的微博视频,1774967938,2026-03-31 14:38:58+08:00,39,11,0,1780550145444,https://m.weibo.cn/detail/5282539976525035,湖南,3513555040,游戏发仔,m,https://m.weibo.cn/u/3513555040?launchid=10000360-page_H5,"https://tvax3.sinaimg.cn/crop.0.0.1080.1080.180/d16c9860ly8iapirf35wjj20u00u077r.jpg?KID=imgbed,tva&Expires=1780560944&ssig=ZeISoU6Axh",李荣浩 打响 版权,李荣浩 打响 版权,True,,2026-03-31 14:38:58+08:00,True,50
5301885567238219,微博能不能整个“最佳体面奖”啊 颁给李荣浩和沈月#李荣浩##沈月##王鹤棣##单依纯#,1779580285,2026-05-23 23:51:25+08:00,45,5,0,1780539638719,https://m.weibo.cn/detail/5301885567238219,山东,7489922510,a范德彪,f,https://m.weibo.cn/u/7489922510?launchid=10000360-page_H5,"https://tvax1.sinaimg.cn/crop.0.0.512.512.180/008aSWZMly8idpso822xij30e80e8wfx.jpg?KID=imgbed,tva&Expires=1780550437&ssig=MCXd7dGG1z",李荣浩 单依纯,李荣浩 单依纯,True,,2026-05-23 23:51:25+08:00,False,50
5297540393340664,单依纯说吴彤谨言慎行吴彤直播道歉!这波操作我服了!吴彤你都说了些啥😂还得是别人解释了才懂不知道的还以为你是跑男导演嘞 天气大猜想的微博视频,1778544316,2026-05-12 00:05:16+08:00,30,19,0,1780543816923,https://m.weibo.cn/detail/5297540393340664,浙江,6319386105,天气大猜想,f,https://m.weibo.cn/u/6319386105?launchid=10000360-page_H5,"https://tvax2.sinaimg.cn/crop.0.0.1080.1080.180/006TFv0lly8id67fyxypoj30u00u0gqq.jpg?KID=imgbed,tva&Expires=1780554616&ssig=Y5S0sr9NFU",单依纯 道歉,单依纯 道歉,True,,2026-05-12 00:05:16+08:00,False,49
5282409379266596,丁太升:单依纯侵权了李荣浩，在没经过授权的情况下，她在商业演出里边又翻唱李白了。然后李荣浩公开发文维权，套用一位网友的名言啊，这是一个好事儿啊，好在哪儿呢？好在可以通过这一热点事件，让大家对版权有更进一步的了解。李白这首歌是李荣浩写的，也是李荣浩原创的，版权和著作权都在李荣浩手里...全文,1774936800,2026-03-31 06:00:00+08:00,34,9,5,1780542125999,https://m.weibo.cn/detail/5282409379266596,吉林,6969803811,女烟神CTJ,f,https://m.weibo.cn/u/6969803811?launchid=10000360-page_H5,"https://tvax2.sinaimg.cn/crop.0.0.800.800.180/007BGAmvly8hrr46b6lc9j30m80m8tb5.jpg?KID=imgbed,tva&Expires=1780552925&ssig=yM57d3cTEV",强行侵权 李白,强行侵权 李白,True,,2026-03-31 06:00:00+08:00,True,48
5282486829449273,张雪峰老师您还是太超前了。改的真的无从下耳，三观正的人都欣赏不来。张雪峰老师总是能说出我们的心声。单依纯李荣浩李白张老师的评价#李荣浩 打响版权维护第一枪##开学季##为考研加油##微博考试季##我在微博当bot##春日许愿池##微博young派对#张雪峰#超话创作官# 体界风云的微博视频,1774955266,2026-03-31 11:07:46+08:00,45,1,1,1780550096255,https://m.weibo.cn/detail/5282486829449273,四川,6478526806,体界风云,m,https://m.weibo.cn/u/6478526806?launchid=10000360-page_H5,"https://tvax1.sinaimg.cn/crop.0.0.499.499.180/0074reLQly8hvkuakxttjj30dv0dv74j.jpg?KID=imgbed,tva&Expires=1780560895&ssig=yzCr8mDq3L",李荣浩 打响 版权,李荣浩 打响 版权,True,,2026-03-31 11:07:46+08:00,True,47
5284296304625077,【#律师回应易烊千玺被AI侵权#：侵权方需支付正常授权的市场价值】#易烊千玺AI侵权维权#近日，红果短剧平台多部AI生成短剧被曝未经许可使用AI换脸技术，伪造易烊千玺的肖像及声音用于角色创作，并进行商业变现。4月4日，@易烊千玺JacksonYee工作室 发声明：“近日，我工作室发现部分网络平台传播擅自...全文,1775386679,2026-04-05 10:57:59+08:00,25,13,9,1780546767523,https://m.weibo.cn/detail/5284296304625077,,1497087080,羊城晚报,m,https://m.weibo.cn/u/1497087080?launchid=10000360-page_H5,"https://tvax1.sinaimg.cn/crop.0.0.753.753.180/001DjCJOly8h8vghz8v0gj60kx0kxmxm02.jpg?KID=imgbed,tva&Expires=1780557566&ssig=yO1Q3xYCPV",李荣浩 赔偿,李荣浩 赔偿,True,,2026-04-05 10:57:59+08:00,True,47
5288824651383942,#李荣浩杭州开唱穿秋裤被热到窒息#【李荣浩杭州开唱，红发炸场！穿秋裤登台被“热到窒息”：赶紧跑后台脱了】#李荣浩杭州开唱红发炸场# 4月17日晚，李荣浩“黑马”巡演杭州站首场在“大莲花”唱响。现场，一头红发的李荣浩状态爆棚，把《乌梅子酱》《戒烟》《恋人》《喜剧之王》《李白》《作曲家》等3...全文,1776466321,2026-04-17 22:52:01+08:00,40,5,1,1780549332549,https://m.weibo.cn/detail/5288824651383942,,1700720163,钱江晚报,m,https://m.weibo.cn/u/1700720163?launchid=10000360-page_H5,"https://tvax4.sinaimg.cn/crop.0.0.1080.1080.180/001R630nly1h8vgflxzq4j60u00u0t9p02.jpg?KID=imgbed,tva&Expires=1780560131&ssig=peP4IzVjG0",单依纯 李荣浩 版权,单依纯 李荣浩 版权|李荣浩 版权,True,,2026-04-17 22:52:01+08:00,True,46
5284281111806946,#人民日报谈李荣浩单依纯版权风波#讲得很好啊，“先侵权后道歉”和“先上车后补票”不能成为行业常态。李荣浩抄袭不能改变单依纯侵权的事实，单依纯侵权不能改变李荣浩抄袭的事实，要谈侵权就应该把风波中的两个人拉出来一起做宣传教育。现在所有人都只针对单依纯舆论升堂是什么意思？李荣浩吃了十年版...全文,1775383057,2026-04-05 09:57:37+08:00,32,8,6,1780545928380,https://m.weibo.cn/detail/5284281111806946,江西,7650222045,二神代怜,f,https://m.weibo.cn/u/7650222045?launchid=10000360-page_H5,"https://tvax2.sinaimg.cn/crop.0.0.1080.1080.180/008lJye9ly8hpih58i49jj30u00u0q87.jpg?KID=imgbed,tva&Expires=1780556727&ssig=l7erLpjjtw",单依纯 道歉 李白,单依纯 道歉 李白,True,,2026-04-05 09:57:37+08:00,True,46
5284269995853630,#人民日报谈李荣浩单依纯版权风波#一、事件完整时间线 - 2025年6月：单依纯在《歌手2025》节目中改编《李白》，加入“如何呢？又能怎？”念白，获合法授权。- 2026年3月26日：单依纯团队为深圳演唱会申请《李白》授权，被李荣浩方明确邮件婉拒。- 3月28日：单依纯在深圳“纯妹妹2.0”演唱会仍强行...全文,1775380407,2026-04-05 09:13:27+08:00,31,15,0,1780547228417,https://m.weibo.cn/detail/5284269995853630,湖南,6452530319,等717次雪落,f,https://m.weibo.cn/u/6452530319?launchid=10000360-page_H5,"https://tvax2.sinaimg.cn/crop.0.0.1080.1080.180/0072G9TFly8i9g33bo4knj30u00u0gnh.jpg?KID=imgbed,tva&Expires=1780558027&ssig=vsxMZSS1zf",单依纯 停唱 李白,单依纯 停唱 李白,True,,2026-04-05 09:13:27+08:00,True,46
5292410805424830,#单依纯郑州上座率#今天单依纯在郑州开演唱会，郑州文旅在6号线地铁上播放单依纯侵权李荣浩的新闻视频，6号线是奥林匹克体育中心的必经线，等于每一个来观看单依纯演唱会的人都会看到这段侵权科普视频粉丝觉得单依纯来给郑州带动经济，郑州文旅还背刺单依纯，粉丝直接在评论区喊di制郑州，现场...全文,1777321327,2026-04-27 20:22:07+08:00,32,13,0,1780540723801,https://m.weibo.cn/detail/5292410805424830,辽宁,6306698102,对女神心动了吗,f,https://m.weibo.cn/u/6306698102?launchid=10000360-page_H5,"https://tvax3.sinaimg.cn/crop.0.0.1058.1058.180/006SOgh8ly8id9xl2zla7j30te0tegox.jpg?KID=imgbed,tva&Expires=1780551522&ssig=J1X%2BdAGfnV",单依纯 侵权,单依纯 侵权,True,,2026-04-27 20:22:07+08:00,True,45
5282584468652381,#单依纯想撕掉翻唱标签没那么容易#2026年3月28日，单依纯在深圳&quot;纯妹妹2.0&quot;巡回演唱会上演唱李荣浩作品《李白》，但李荣浩及中国音乐著作权协会证实此前已明确拒绝授权，该行为被定性为&quot;强行侵权&quot;。单依纯虽两度致歉并承诺承担全额赔偿、永久停唱该曲，但因其身兼演唱会总监制职务，法律层面难辞其咎...全文,1774978545,2026-03-31 17:35:45+08:00,34,10,1,1780547368271,https://m.weibo.cn/detail/5282584468652381,上海,7565920734,厮守煮酒,f,https://m.weibo.cn/u/7565920734?launchid=10000360-page_H5,"https://tvax1.sinaimg.cn/crop.0.0.1064.1064.180/008g1PBAly8ia906irdx4j30tk0tkwfw.jpg?KID=imgbed,tva&Expires=1780558166&ssig=%2FCPUl3pzg7",单依纯 停唱 李白,单依纯 停唱 李白,True,,2026-03-31 17:35:45+08:00,True,45
5282504178927011,李荣浩 打响版权维护第一枪自己的歌被随便翻唱商用，李荣浩站出来维权，其实就是在替所有原创音乐人说话。写歌不容易，版权更该被尊重，支持合理维权，也希望大家都能守规矩，别随意侵犯别人的劳动成果。李荣浩。 酸菜炖的冻梨的微博视频,1774959403,2026-03-31 12:16:43+08:00,34,10,0,1780550164726,https://m.weibo.cn/detail/5282504178927011,黑龙江,6644900369,酸菜炖的冻梨,m,https://m.weibo.cn/u/6644900369?launchid=10000360-page_H5,"https://tvax1.sinaimg.cn/crop.0.0.1024.1024.180/007fHk8ply8ibu76unm8kj30sg0sgta4.jpg?KID=imgbed,tva&Expires=1780560963&ssig=MqxXs4K71B",李荣浩 打响 版权,李荣浩 打响 版权,True,,2026-03-31 12:16:43+08:00,True,44
5291394791114851,国内知识版权真的很薄弱盗用我的视频拿去二次剪辑卖东西，被我追责时，还说大不了下架，反正没卖多少钱这种感觉不亚于我辛辛苦苦生的孩子，被人偷走拿去和别人家孩子二改二拼做成科学怪人上架。——————————我这段时间做发饰，有些地方缝纫机踩不明白就拿着我自己认认真真画的设计...全文,1777079090,2026-04-25 01:04:50+08:00,30,13,0,1780544926608,https://m.weibo.cn/detail/5291394791114851,广东,6029225656,万能的DoubleO,f,https://m.weibo.cn/u/6029225656?launchid=10000360-page_H5,"https://tvax1.sinaimg.cn/crop.0.0.996.996.180/006A2116ly8gnlygo7fkwj30ro0roju5.jpg?KID=imgbed,tva&Expires=1780555725&ssig=BLtb5EErEh",李荣浩 版权,李荣浩 版权,True,,2026-04-25 01:04:50+08:00,True,43
5288287642324952,孟子义，我早就告诉你们了李荣浩不一定同意 孟子义 李荣浩 单依纯 女娲的作品的微博视频,1776338288,2026-04-16 11:18:08+08:00,43,0,0,1780549463832,https://m.weibo.cn/detail/5288287642324952,内蒙古,1595766492,女娲的作品,f,https://m.weibo.cn/u/1595766492?launchid=10000360-page_H5,"https://tvax3.sinaimg.cn/crop.0.0.690.690.180/5f1d76dcly8hfxeh3jrdrj20j60j6wez.jpg?KID=imgbed,tva&Expires=1780560262&ssig=x1ENEu8l2J",单依纯 李荣浩 版权,单依纯 李荣浩 版权,True,,2026-04-16 11:18:08+08:00,True,43
5282667076780913,笑吐了!考古李荣浩支持lgbt丁克爱猫爱女无孩回族男防御拉满！他甚至连是男是女都由你来定！ 李荣浩 打响版权维护第一枪 陈屿学长的微博视频,1774998240,2026-03-31 23:04:00+08:00,34,6,2,1780549952721,https://m.weibo.cn/detail/5282667076780913,四川,3978030571,陈屿学长,m,https://m.weibo.cn/u/3978030571?launchid=10000360-page_H5,"https://tvax3.sinaimg.cn/crop.0.0.1080.1080.180/ed1bedebly8id5d2yicp1j20u00u0tb0.jpg?KID=imgbed,tva&Expires=1780560751&ssig=5I0oqQyNCk",李荣浩 打响 版权,李荣浩 打响 版权,True,,2026-03-31 23:04:00+08:00,True,42
5289319952811862,张靓颖#张靓颖##追张靓颖世界巡回演唱会# @张靓颖 #李荣浩# 珍姐，你的裤子是跟李荣浩老师借的吗？两个人太有默契了，不仅音乐，而且服装，更重要是对版权的尊重。😄什么时候可以现场合作女儿国呀，梦一个😄昨晚的柳州三月三，值回青春了。张靓颖叫我大哥可以开心一辈子😄#三月三# 珍姐...全文,1776584410,2026-04-19 07:40:10+08:00,32,9,0,1780545086901,https://m.weibo.cn/detail/5289319952811862,广西,2306951862,IDidntknow,m,https://m.weibo.cn/u/2306951862?launchid=10000360-page_H5,"https://tvax1.sinaimg.cn/crop.0.0.1024.1024.180/89814ab6ly8i2sou6uv6uj20sg0sg77x.jpg?KID=imgbed,tva&Expires=1780555886&ssig=E8DEUVhIIE",李荣浩 版权,李荣浩 版权,True,,2026-04-19 07:40:10+08:00,True,41
5282857901621689,#李荣浩否认抄袭##李荣浩 单依纯强行侵权# 那我也会写：这件事我不想躲过去！对我的侵权指控和出道以来的评价首先我要说 我没有硬要侵权!!从改编李白以来公司一直都跟我说搞定了版权问题这是一个有口难辩的事儿信不信是大家的权利想骂的可以开骂1.我没有硬要唱！哪个二百五明知道拿不到授权还...全文,1775043736,2026-04-01 11:42:16+08:00,33,4,3,1780542106194,https://m.weibo.cn/detail/5282857901621689,浙江,7463344402,嗜睡症o_0,m,https://m.weibo.cn/u/7463344402?launchid=10000360-page_H5,"https://tvax1.sinaimg.cn/crop.0.0.960.960.180/00895qOCly8gzlf79x8y2j30qo0qoq5b.jpg?KID=imgbed,tva&Expires=1780552905&ssig=R8XMSqlFgs",强行侵权 李白,强行侵权 李白,True,,2026-04-01 11:42:16+08:00,True,40
5282122547594644,#李荣浩说不需要赔偿#2026年3月30日凌晨，李荣浩公开回应单依纯侵权演唱《李白》一事，明确表示不要赔偿，但保留追责权利，并要求停止网暴其家人。此前单依纯团队申请翻唱被拒，仍在演唱会演唱，被音著协认定强行侵权。单依纯已道歉，称未亲自核查授权，愿个人承担赔偿并停唱。李荣浩提及去年单依纯改...全文,1774868415,2026-03-30 11:00:15+08:00,23,17,0,1780547146069,https://m.weibo.cn/detail/5282122547594644,浙江,7608097843,春山矿,f,https://m.weibo.cn/u/7608097843?launchid=10000360-page_H5,"https://tvax4.sinaimg.cn/crop.0.0.180.180.180/008iSNNxly8idgm3ufj1oj3050050q2t.jpg?KID=imgbed,tva&Expires=1780557942&ssig=hkG69E6Yq%2F",单依纯 停唱 李白,单依纯 停唱 李白,True,,2026-03-30 11:00:15+08:00,True,40
5282095767225877,#单依纯承担全额版权使用费及赔偿#侵权事实确认单依纯团队在演唱会前通过中国音乐著作权协会及李荣浩版权公司申请翻唱《李白》授权，但遭李荣浩方以邮件形式明确拒绝。3月28日深圳演唱会中，单依纯仍演唱该曲，音著协次日发声明证实未授权，定性为“强行侵权”。李荣浩公开质问单依纯“用什么立场、...全文,1774862030,2026-03-30 09:13:50+08:00,34,6,0,1780547146041,https://m.weibo.cn/detail/5282095767225877,山东,7785991230,心感饼,f,https://m.weibo.cn/u/7785991230?launchid=10000360-page_H5,"https://tvax4.sinaimg.cn/crop.0.0.1080.1080.180/008uVdZIly8id51cw6rl4j30u00u0dhv.jpg?KID=imgbed,tva&Expires=1780557942&ssig=XuU3exBIwO",单依纯 停唱 李白,单依纯 停唱 李白,True,,2026-03-30 09:13:50+08:00,True,40
5282433655900065,#李荣浩再曝指控单依纯原因#真的没想到单依纯会做出这种明知故犯的事，这次李荣浩维权一点错都没有，完全是站在理上的。整件事看下来，脉络特别清楚，单依纯团队提前去申请《李白》的翻唱授权，人家李荣浩方都明确发邮件拒绝了，音著协也说没给授权，结果她还是在演唱会上直接唱了，这根本不是无心...全文,1774942589,2026-03-31 07:36:29+08:00,25,15,0,1780547486293,https://m.weibo.cn/detail/5282433655900065,上海,6073024239,麋鹿四岁,f,https://m.weibo.cn/u/6073024239?launchid=10000360-page_H5,"https://tvax3.sinaimg.cn/crop.0.0.500.500.180/006CZN1Rly8huivo22fvcj30dw0dwgma.jpg?KID=imgbed,tva&Expires=1780558285&ssig=5YH%2B2anhCk",单依纯 停唱 李白,单依纯 停唱 李白,True,,2026-03-31 07:36:29+08:00,True,40
5290041506267145,单依纯又摊上事了。  这回不是因为她开演唱会侵权，也不是开演唱会胡叫，而是她最新专辑的造型，有大部分与王菲以前的造型雷同！  明眼人都可以看出来，单依纯这些造型与王菲《天空》、《唱游》等造型非常相似！  包括一些很有特点的造型元素。比如同色系同造型的服装、蝴蝶眉妆、透明大耳环等。...全文,1776756441,2026-04-21 07:27:21+08:00,26,14,0,1780541276011,https://m.weibo.cn/detail/5290041506267145,浙江,7626584715,怜水结,m,https://m.weibo.cn/u/7626584715?launchid=10000360-page_H5,"https://tvax1.sinaimg.cn/crop.0.0.1080.1080.180/008k8n4Tly8hzmkqxji6lj30u00u0jti.jpg?KID=imgbed,tva&Expires=1780552075&ssig=17EMhmeYxT",单依纯 侵权,单依纯 侵权,True,,2026-04-21 07:27:21+08:00,True,40
5284297988905437,#人民日报谈李荣浩单依纯版权风波#人民日报针对李荣浩与单依纯的歌曲《李白》版权纠纷发表评论，直指&quot;先侵权后致歉&quot;的行业乱象不可取，强调&quot;规则跑在热度前&quot;才是文艺生态的治本之道。 一、事件核心：侵权事实与官方定性侵权经过单依纯团队在深圳演唱会前向中国音乐著作权协会申请翻唱《李白》授权，...全文,1775387081,2026-04-05 11:04:41+08:00,24,16,0,1780547213127,https://m.weibo.cn/detail/5284297988905437,浙江,7793212030,花间赋春一剑,f,https://m.weibo.cn/u/7793212030?launchid=10000360-page_H5,"https://tvax1.sinaimg.cn/crop.0.0.1080.1080.180/008vpwsely8idp0qp7xeej30u00u0799.jpg?KID=imgbed,tva&Expires=1780558012&ssig=I8%2FS9Ka9aK",单依纯 停唱 李白,单依纯 停唱 李白|单依纯 道歉 李白|强行侵权 李白|李荣浩 赔偿,True,,2026-04-05 11:04:41+08:00,True,40
5301473115114102,张杰有谢娜，李白有李荣浩，los别担心林汉州有邝玲玲，是曼谷的清晨爱情睡醒了#winling# kll#邝玲玲男朋友林汉洲#@LinglingKwong_TH 是衣架不是宜家的微博视频,1779481950,2026-05-22 20:32:30+08:00,31,6,2,1780542926158,https://m.weibo.cn/detail/5301473115114102,河南,2163131447,是衣架不是宜家,f,https://m.weibo.cn/u/2163131447?launchid=10000360-page_H5,"https://tvax3.sinaimg.cn/crop.0.0.1080.1080.180/80eec437ly8idmv5u7fgij20u00u00v7.jpg?KID=imgbed,tva&Expires=1780553725&ssig=1r8r64mlvZ",李荣浩 李白,李荣浩 李白,True,,2026-05-22 20:32:30+08:00,False,39
5283893575680602,#席瑞喊话李荣浩##李荣浩抄袭##李荣浩否认抄袭##李荣浩 单依纯强行侵权##单依纯# 首先我是单依纯歌迷，只听歌，达不到粉丝的程度。第一，就事论事，错了就是错了，歉也道了，该赔偿赔偿，骂也挨了，退票渠道也开了，还要她做什么呢？有人说了，道歉没用。OK，lrh抄袭自己也承认了，是自己失误把混乱...全文,1775290661,2026-04-04 08:17:41+08:00,35,1,2,1780541935126,https://m.weibo.cn/detail/5283893575680602,江苏,6283637134,ZDoubleFF,m,https://m.weibo.cn/u/6283637134?launchid=10000360-page_H5,"https://tvax1.sinaimg.cn/crop.0.0.1080.1080.180/006Rfv42ly8ibt9odsfdnj30u00u043b.jpg?KID=imgbed,tva&Expires=1780552734&ssig=zCId5Kk%2FGU",强行侵权 李白,强行侵权 李白,True,,2026-04-04 08:17:41+08:00,True,38
5282526105180266,李荣浩开撕单依纯那天，他的好友陈奕迅去看了单依纯的演唱会，看陈奕迅的表情很愤怒。不过，这里面不仅仅是因为他是李荣浩的好友这层关系，更是因为陈奕迅自己也是音乐人。第一、单依纯被李荣浩拒绝授权，还要唱她自己改编的《李白》，丢掉了圈子里的规则。第二、同样作为音乐人的陈奕迅，当然懂...全文,1774964631,2026-03-31 13:43:51+08:00,32,5,1,1780550257808,https://m.weibo.cn/detail/5282526105180266,广东,2583001030,华俊竹de微博,m,https://m.weibo.cn/u/2583001030?launchid=10000360-page_H5,"https://tvax1.sinaimg.cn/crop.0.0.512.512.180/99f577c6ly8gqw7hrjyt4j20e80e8ta0.jpg?KID=imgbed,tva&Expires=1780561056&ssig=M%2Fx6ce6rJH",李荣浩 打响 版权,李荣浩 打响 版权,True,,2026-03-31 13:43:51+08:00,True,38
5294993398044150,从侵权李荣浩被全网骂，到草莓音乐节封神！单依纯这一仗，赢麻了,1777937065,2026-05-04 23:24:25+08:00,34,3,0,1780540598002,https://m.weibo.cn/detail/5294993398044150,广东,5408614544,暖萌痣,f,https://m.weibo.cn/u/5408614544?launchid=10000360-page_H5,"https://tvax3.sinaimg.cn/crop.0.0.1080.1080.180/005U1ZIsly8idr57nlnlej30u00u041u.jpg?KID=imgbed,tva&Expires=1780551397&ssig=fBdYLM4LII",单依纯 侵权,单依纯 侵权,True,,2026-05-04 23:24:25+08:00,False,37
5284061417574254,#谢依霖版权意识跟李荣浩学的吧#是不是现在一说到版权意识都会想到打响版权意识第一炮的李荣浩谢依霖这次在节目里直接喊停：“别放了别放了，再放就要付版权费了”看短剧也是很多熟悉的bgm ，一般也就唱几句马上切。问了豆包这样有没有问题？她是这样回我的：很多短剧用的是无版权的免...全文,1775330678,2026-04-04 19:24:38+08:00,21,16,0,1780549824094,https://m.weibo.cn/detail/5284061417574254,安徽,5623443894,你好不好想你了,f,https://m.weibo.cn/u/5623443894?launchid=10000360-page_H5,"https://tvax4.sinaimg.cn/crop.0.0.1080.1080.180/0068zoDYly8i6gtvnr008j30u00u0n07.jpg?KID=imgbed,tva&Expires=1780560602&ssig=2E7G3KdtYS",李荣浩 打响 版权,李荣浩 打响 版权,True,,2026-04-04 19:24:38+08:00,True,37
5282314494154593,#单依纯演唱会退票#她已经回应了，这个团队也允许退票了。希望这种性质的问题以后不会再发生了，两位老师都越来越好，很晚了 早点休息吧。单依纯演唱会退票事件是近期文娱市场典型的“版权争议引发消费信任危机，进而倒逼服务补救”的案例。该事件不仅暴露了演出行业在票务规则上的刚性痛点，也反映...全文,1774914179,2026-03-30 23:42:59+08:00,27,10,0,1780548180458,https://m.weibo.cn/detail/5282314494154593,河北,7355237576,岁晚桃绯,f,https://m.weibo.cn/u/7355237576?launchid=10000360-page_H5,"https://tvax4.sinaimg.cn/crop.0.0.1080.1080.180/0081LPi8ly8idq2qkoqdvj30u00u0411.jpg?KID=imgbed,tva&Expires=1780558979&ssig=3K0eh68BIy",百沐 退票,百沐 退票,True,,2026-03-30 23:42:59+08:00,True,37
5283049973746316,第一次为娱乐圈的事打这么多字，只是实在被这两天的猎巫阵仗震撼到了，实在不吐不快。（文字整理来源于与朋友谈论此事，只能这么平和保守了）暂且不提乌梅子酱老师数首照搬别人作品的裁缝之作及其完全把网友当傻子的回应，在单依纯侵权事件中他的言辞充满煽动引导。版权法务事务系委托主办方处理，沟...全文,1775089531,2026-04-02 00:25:31+08:00,28,7,1,1780542068965,https://m.weibo.cn/detail/5283049973746316,吉林,7819611515,艾玫瑰邀请你跳江狗舞,f,https://m.weibo.cn/u/7819611515?launchid=10000360-page_H5,"https://tvax1.sinaimg.cn/crop.0.0.1080.1080.180/008xcianly8ho6054tzhyj30u00u0jss.jpg?KID=imgbed,tva&Expires=1780552867&ssig=IXouUdQb0v",强行侵权 李白,强行侵权 李白,True,,2026-04-02 00:25:31+08:00,True,36
5283344365652434,#李荣浩单赢变双输#2026年3月28日，单依纯深圳演唱会演唱李荣浩作品《李白》，该曲目翻唱授权此前已被李荣浩方明确拒绝。3月29日，李荣浩公开维权，晒出相关声明与拒授记录，发声态度较强硬。单依纯随后接连致歉，称系团队工作疏忽，承诺停唱该曲、删除相关物料并承担全部赔偿，后续演出也开放退票通...全文,1775159719,2026-04-02 19:55:19+08:00,33,1,1,1780547307145,https://m.weibo.cn/detail/5283344365652434,江苏,1947932527,星露笑脸,f,https://m.weibo.cn/u/1947932527?launchid=10000360-page_H5,"https://tvax2.sinaimg.cn/crop.0.0.1080.1080.180/741b176fly8i2007r7a2jj20u00u0dlu.jpg?KID=imgbed,tva&Expires=1780558106&ssig=WKwE1oE2GD",单依纯 停唱 李白,单依纯 停唱 李白,True,,2026-04-02 19:55:19+08:00,True,35
5284271139063026,#人民日报谈李荣浩单依纯版权风波#人民日报客户端4月4日发布评论文章《&quot;又能怎&quot;，真的吗？》，针对歌手单依纯在演唱会未经授权翻唱李荣浩作品《李白》引发的版权风波，直指文艺行业&quot;先侵权后道歉&quot;的乱象不可取，强调版权绝非&quot;选择题&quot;，呼吁敬畏规则、守护原创生命力。一、事件核心定性：侵权本质与行...全文,1775380679,2026-04-05 09:17:59+08:00,30,5,0,1780541916375,https://m.weibo.cn/detail/5284271139063026,广西,7792369313,小依瀨,f,https://m.weibo.cn/u/7792369313?launchid=10000360-page_H5,"https://tvax2.sinaimg.cn/crop.0.0.1079.1079.180/008vlZe1ly8idokx1crqdj30tz0u0dk7.jpg?KID=imgbed,tva&Expires=1780552715&ssig=YqRq9hmbi7",强行侵权 李白,强行侵权 李白,True,,2026-04-05 09:17:59+08:00,True,35
5302462451812695,#单依纯#fzk 侵权咖一一又怎么了 遮黑布的演唱会卖完了吗,1779717826,2026-05-25 14:03:46+08:00,32,3,0,1780540305560,https://m.weibo.cn/detail/5302462451812695,河南,6589866407,雾漫青禾_,f,https://m.weibo.cn/u/6589866407?launchid=10000360-page_H5,"https://tvax1.sinaimg.cn/crop.0.0.1080.1080.180/007bYphRly8i9wn8m9i6dj30u00u0acm.jpg?KID=imgbed,tva&Expires=1780551104&ssig=aqQ2PKtts%2B",单依纯 侵权,单依纯 侵权,True,,2026-05-25 14:03:46+08:00,False,35
5298138911081670,单依纯强制侵权李荣浩的《李白》也是吹进了高中课堂,1778687014,2026-05-13 15:43:34+08:00,28,3,3,1780549131659,https://m.weibo.cn/detail/5298138911081670,广西,6590216040,种了瓜没有,m,https://m.weibo.cn/u/6590216040?launchid=10000360-page_H5,"https://tvax2.sinaimg.cn/crop.0.0.1080.1080.180/007bZSf6ly8ibd93f74voj30u00u0767.jpg?KID=imgbed,tva&Expires=1780559930&ssig=Vm49j0isRj",单依纯 李荣浩 版权,单依纯 侵权|单依纯 李荣浩 版权|李荣浩 版权,True,,2026-05-13 15:43:34+08:00,False,34
5288031380835761,【#关于李荣浩公开表演路一直都在情况说明#   】#吴向飞发李荣浩相关情况说明# 4月15日，音乐人 @吴向飞 就李荣浩公开表演《路一直都在》做出说明。他表示法律明确了无须作者授权的前提，必须满足“不以营利为目的”，但法律实践中：公益活动≠没有营利。所谓公益活动可以未经许可表演他人已发表作品，...全文,1776277191,2026-04-15 18:19:51+08:00,29,3,2,1780549485959,https://m.weibo.cn/detail/5288031380835761,,7708039348,北青娱见,m,https://m.weibo.cn/u/7708039348?launchid=10000360-page_H5,"https://tvax1.sinaimg.cn/crop.0.0.600.600.180/008pE99ily8h8vggu8y14j30go0godh5.jpg?KID=imgbed,tva&Expires=1780560278&ssig=ZsbXzn2cei",单依纯 李荣浩 版权,单依纯 李荣浩 版权,True,,2026-04-15 18:19:51+08:00,True,34
5302676335887746,#王鹤棣一个人去海边坐一小时##平井坚不舒服了##李荣浩抄袭##浩学# 公众人物微博升堂让我想到了李白事件。李荣浩单依纯双方从未直接沟通，李白版权为音著协代管，双方都是通过第三方音著协沟通，存在沟通空白。音著协不会特意告知有未通过的申请，只会默默发送通过申请部分的统一授权文件，人家也靠...全文,1779768820,2026-05-26 04:13:40+08:00,29,4,1,1780549001021,https://m.weibo.cn/detail/5302676335887746,广东,6693994865,Laure的小娇妻,f,https://m.weibo.cn/u/6693994865?launchid=10000360-page_H5,"https://tvax3.sinaimg.cn/crop.0.0.1080.1080.180/007j1jR7ly8hrhqafc96zj30u00u0mxz.jpg?KID=imgbed,tva&Expires=1780559800&ssig=RmQskFw1UM",单依纯 李荣浩 版权,单依纯 李荣浩 版权|单依纯 道歉 李白,True,,2026-05-26 04:13:40+08:00,False,34
5285169436035408,终于明白为什么李荣浩会对单依纯发那么大火了！ 灯至的微博视频,1775594850,2026-04-07 20:47:30+08:00,32,2,0,1780546437798,https://m.weibo.cn/detail/5285169436035408,江西,7952063206,灯至,m,https://m.weibo.cn/u/7952063206?launchid=10000360-page_H5,"https://tvax2.sinaimg.cn/crop.0.0.1080.1080.180/008Ga2TYly8idl0p1v2j1j30u00u0dhh.jpg?KID=imgbed,tva&Expires=1780557236&ssig=yMFRIlo07n",李荣浩 赔偿,李荣浩 赔偿,True,,2026-04-07 20:47:30+08:00,True,34
5282197134640854,截至2026年3月30日，中国音乐著作权协会（音著协）公开检索系统显示，单依纯名下登记的词曲作品数量为0，这一事实与其在演唱会侵权风波中多次自称“创作者”的身份形成显著反差，这到底是咋回事啊，哪位大神知道#单依纯在音著协的登记作品为0##拿着手机看世界# 80年的酸奶的微博视频,1774886198,2026-03-30 15:56:38+08:00,23,10,1,1780547537400,https://m.weibo.cn/detail/5282197134640854,上海,3771228575,80年的酸奶,m,https://m.weibo.cn/u/3771228575?launchid=10000360-page_H5,"https://tvax2.sinaimg.cn/crop.0.0.1080.1080.180/e0c8619fly8i1t6p1tgknj20u00u0di6.jpg?KID=imgbed,tva&Expires=1780558336&ssig=mVyPpkxjiA",单依纯 停唱 李白,单依纯 停唱 李白,True,,2026-03-30 15:56:38+08:00,True,34
5282173193553383,#单依纯粉丝说李荣浩翻脸不认人#首次回应称“彩排后正了解情况”，未直接承认侵权，仅表示“对造成困扰道歉”。李荣浩发文的发文预判其“甩锅团队”的公关套路。3月30日，单依纯发布长文正式道歉，承认“自己并没有尽职尽责”“主办方未完成授权流程”，宣布停唱《李白》并删除宣传物料。争议本质是...全文,1774880490,2026-03-30 14:21:30+08:00,24,10,0,1780547617330,https://m.weibo.cn/detail/5282173193553383,广东,6138223281,柒衍7_,f,https://m.weibo.cn/u/6138223281?launchid=10000360-page_H5,"https://tvax1.sinaimg.cn/crop.0.0.1080.1080.180/006Hpmhjly8iadimorc3dj30u00u0goc.jpg?KID=imgbed,tva&Expires=1780558416&ssig=gtpa5Y6qJ1",单依纯 停唱 李白,单依纯 停唱 李白,True,,2026-03-30 14:21:30+08:00,True,34
5292347892176933,"#单依纯郑州上座率#单依纯#李荣浩 单依纯强行侵权# 风波刚过，就试水体育场演唱会，会不会太心急？歌手开演唱会有三个层次，根据开演唱会的场馆的大小以及售票情况，它分为大中小三个等级。第一个层次也就是小场馆，一般我们就说是开live house, 这是人数最低的一档。场馆容纳的人数...全文",1777306327,2026-04-27 16:12:07+08:00,22,11,1,1780540741402,https://m.weibo.cn/detail/5292347892176933,广东,2402658860,财苏菲,f,https://m.weibo.cn/u/2402658860?launchid=10000360-page_H5,"https://tvax3.sinaimg.cn/crop.0.0.1080.1080.180/8f35aa2cly8i152xm9q6uj20u00u0te5.jpg?KID=imgbed,tva&Expires=1780551540&ssig=BMnUqnh33h",单依纯 侵权,单依纯 侵权,True,,2026-04-27 16:12:07+08:00,True,34
5282500358441003,单依纯#单依纯李荣浩版权争议#事出反常必有妖  对于两人的版权争议，本不想说什么，但是看到百沐发了退票免责的公告，就忍不住要说两句了。  李荣浩网上发的维权内容够狠。发布的时间、发布的方式都透露出此人心机很深，以后无论是谁跟他打交道都需小心别入坑。  按说一部作品，谁都愿意被...全文,1774958492,2026-03-31 12:01:32+08:00,27,5,1,1780548002207,https://m.weibo.cn/detail/5282500358441003,广东,1829115370,老风十四,m,https://m.weibo.cn/u/1829115370?launchid=10000360-page_H5,"https://tvax1.sinaimg.cn/crop.0.0.528.528.180/6d0615ealy8h38p9j3iebj20eo0eoq3u.jpg?KID=imgbed,tva&Expires=1780558801&ssig=cXbzPbKxVn",百沐 退票,百沐 退票,True,,2026-03-31 12:01:32+08:00,True,33
5293190397825449,看完单依纯演唱会，我无法不爱她，这就是她的魅力。  其实还想表达一些在朋友圈不敢说的感受。我觉得对女性有较高要求，从女艺人身上也能看出，对于侵权事宜，认错、道歉、停止演唱、赔偿已经足够了。那些铺天盖地的谣言，为何不攻击一个热爱音乐、有天赋的女孩？我对音乐的热爱其实只停留在个人感受...全文,1777507196,2026-04-29 23:59:56+08:00,21,11,1,1780543931150,https://m.weibo.cn/detail/5293190397825449,河南,5393093166,失去的会换一种方式回来,m,https://m.weibo.cn/u/5393093166?launchid=10000360-page_H5,"https://tvax3.sinaimg.cn/crop.0.0.1080.1080.180/005SYRTEly8i62dfvfwv3j30u00u00vr.jpg?KID=imgbed,tva&Expires=1780554730&ssig=12AZhrIf9Q",单依纯 道歉,单依纯 侵权|单依纯 道歉,True,,2026-04-29 23:59:56+08:00,True,33
5298159819430082,【Vista天下文娱|#金曲奖评委回应单依纯版权争议#】#金曲奖评委谈单依纯入围理由#第37届金曲奖评审团主席，回应单依纯《纯妹妹》入围多个奖项时强调，评审团最注重的是作品本身。#单依纯入围金曲奖# 黄韵玲表示：“是因为她的整体，她的声音，在这张专辑里面是融合在音乐里面，像是乐器一样的处理”...全文,1778691999,2026-05-13 17:06:39+08:00,29,3,0,1780549131651,https://m.weibo.cn/detail/5298159819430082,,1323527941,Vista看天下,m,https://m.weibo.cn/u/1323527941?launchid=10000360-page_H5,"https://tvax2.sinaimg.cn/crop.0.0.512.512.180/001rzo4Rly8hj09ep9fd9j60e80e8dfz02.jpg?KID=imgbed,tva&Expires=1780559930&ssig=GDUhDqUbae",单依纯 李荣浩 版权,单依纯 李荣浩 版权,True,,2026-05-13 17:06:39+08:00,False,32
5284280566814162,人民日报重磅定调！李荣浩单依纯版权风波发酵，乐坛版权乱象该彻底根治了！娱乐圈又爆大瓜！人民日报谈李荣浩单依纯版权风波话题直接冲上热搜榜首，一场围绕歌曲《李白》的版权争议，从两位歌手的私人纠纷，彻底升级为整个乐坛版权规则的大讨论，央媒亲自下场发声，这一次，乐坛藏了多年的版权潜规则...全文,1775382927,2026-04-05 09:55:27+08:00,23,9,0,1780546787904,https://m.weibo.cn/detail/5284280566814162,河北,7437234456,芭比爱吃娱,f,https://m.weibo.cn/u/7437234456?launchid=10000360-page_H5,"https://tvax4.sinaimg.cn/crop.0.0.129.129.180/0087jSqsly8hpzfqoyryrj303l03ljr7.jpg?KID=imgbed,tva&Expires=1780557587&ssig=tGSaLuCnlY",李荣浩 赔偿,单依纯 道歉 李白|李荣浩 赔偿,True,,2026-04-05 09:55:27+08:00,True,32
5287508481148289,单依纯 李荣浩这波也太好笑了 自己被扒抄袭 承认了却不公开道歉 说私下解决完就转头宣传演唱会 到了单依纯这里 又立刻化身版权卫士 追着要道歉要说法 对自己宽容 对别人严格 双标得明晃晃 实在有点滑稽,1776152522,2026-04-14 07:42:02+08:00,26,6,0,1780544235150,https://m.weibo.cn/detail/5287508481148289,四川,9112975689,每天上网给猪开智,f,https://m.weibo.cn/u/9112975689?launchid=10000360-page_H5,"https://tvax4.sinaimg.cn/crop.0.0.1080.1080.180/009WJ7gRly8ic4yam5234j30u00u0gns.jpg?KID=imgbed,tva&Expires=1780555034&ssig=EdQI4IqXJz",单依纯 道歉,单依纯 道歉,True,,2026-04-14 07:42:02+08:00,True,32
5282843540062681,#李荣浩开了个好头#支持活人感满满的老辈子哈哈哈哈确实开了个好头 打响版权意识第一枪所以到底是报什么仇🍉,1775040313,2026-04-01 10:45:13+08:00,22,9,0,1780549875908,https://m.weibo.cn/detail/5282843540062681,江苏,7347890306,-果果子狸-,f,https://m.weibo.cn/u/7347890306?launchid=10000360-page_H5,"https://tvax3.sinaimg.cn/crop.0.0.1080.1080.180/0081gZVMly8icr47fuosxj30u00u00v0.jpg?KID=imgbed,tva&Expires=1780560675&ssig=H11wR0Y%2Bu6",李荣浩 打响 版权,李荣浩 打响 版权,True,,2026-04-01 10:45:13+08:00,True,31
5282597849533606,#李荣浩 打响版权维护第一枪# 《跳楼机》原唱利比点名环球音乐侵占自己版权！#利比发文#,1774981736,2026-03-31 18:28:56+08:00,30,0,1,1780550003427,https://m.weibo.cn/detail/5282597849533606,北京,7715394368,离谱说唱,f,https://m.weibo.cn/u/7715394368?launchid=10000360-page_H5,"https://tvax1.sinaimg.cn/crop.0.0.1002.1002.180/008q90wEly8gvg3tf4vbaj60ru0ruq4b02.jpg?KID=imgbed,tva&Expires=1780560802&ssig=a%2BAEyR9p3l",李荣浩 打响 版权,李荣浩 打响 版权,True,,2026-03-31 18:28:56+08:00,True,31
5284336654090865,单依纯，李健当年的话，你是一句没听进去啊。2020年夺冠，李健反复叮嘱：先读书，别急着被资本“采摘”。她专业第一考入浙音，转头就签了公司，综艺、巡演、OST报价80万，马不停蹄。2025年《歌手》，她把《李白》改成“我本是辅助，今晚来打野”，被批“LOW到爆”。今年深圳演唱会，李荣浩团队邮件明...全文,1775396299,2026-04-05 13:38:19+08:00,21,0,9,1780546590516,https://m.weibo.cn/detail/5284336654090865,山东,2043745865,追星少年许如归,m,https://m.weibo.cn/u/2043745865?launchid=10000360-page_H5,"https://tvax2.sinaimg.cn/crop.0.0.1080.1080.180/79d11649ly8i0eaodw9tyj20u00u077e.jpg?KID=imgbed,tva&Expires=1780557389&ssig=w4h4843azX",李荣浩 赔偿,李荣浩 赔偿,True,,2026-04-05 13:38:19+08:00,True,30
5284392769421673,#人民日报谈李荣浩单依纯版权风波#《人民日报没发》好的，人民日报刚刚发了,1775409677,2026-04-05 17:21:17+08:00,28,2,0,1780545732874,https://m.weibo.cn/detail/5284392769421673,北京,7108205497,喜欢阿鬼的三文鱼,f,https://m.weibo.cn/u/7108205497?launchid=10000360-page_H5,"https://tvax2.sinaimg.cn/crop.0.0.1080.1080.180/007L3iXLly8iayjhf4vlij30u00u0tad.jpg?KID=imgbed,tva&Expires=1780556532&ssig=aaHjc3dqXb",单依纯 道歉 李白,单依纯 道歉 李白,True,,2026-04-05 17:21:17+08:00,True,30
5301500373897555,@SabrinaCarpenterArchive_ 姐妹我不知道我怎么惹到你了  明明上周我还和你私信聊天 结果这周你先是把我拉黑然后黑单依纯 现在又把我拉出来直fo 我不知道是我哪做得不好惹到你了需要让你这么生气到做出这种举动 你也不用和我道歉 可能就是我这个粉籍让你不舒服了 既然这样不如就此好聚好散免得之后相看...全文,1779488449,2026-05-22 22:20:49+08:00,22,8,0,1780543801934,https://m.weibo.cn/detail/5301500373897555,天津,7873211680,氧化Tong_,m,https://m.weibo.cn/u/7873211680?launchid=10000360-page_H5,"https://tvax4.sinaimg.cn/crop.0.0.1080.1080.180/008APc1aly8idp2md2gv2j30u00u0gmn.jpg?KID=imgbed,tva&Expires=1780554601&ssig=4wcWvnwpqW",单依纯 道歉,单依纯 道歉,True,,2026-05-22 22:20:49+08:00,False,30
5284270307803378,#人民日报谈李荣浩单依纯版权风波#当“又能怎”撞上版权红线，乐坛该醒醒了一场围绕《李白》的版权风波，让两位歌手站在了舆论中心，更将华语乐坛积弊已久的版权乱象，再次推到聚光灯下。人民日报的锐评，字字戳中行业痛点——“又能怎”不能变成任性，版权从来都不该是文艺舞台上...全文,1775380480,2026-04-05 09:14:40+08:00,21,9,0,1780546787870,https://m.weibo.cn/detail/5284270307803378,福建,8405202961,财阀千金j-c,f,https://m.weibo.cn/u/8405202961?launchid=10000360-page_H5,"https://tvax1.sinaimg.cn/crop.0.0.1002.1002.180/009aPnfHly8i8mzhpeus2j30ru0ru418.jpg?KID=imgbed,tva&Expires=1780557587&ssig=eqtGZydpiH",李荣浩 赔偿,单依纯 道歉 李白|强行侵权 李白|李荣浩 赔偿,True,,2026-04-05 09:14:40+08:00,True,30
5282285660410405,【#单依纯强行侵权回报远胜赔偿##单依纯口碑恐需重建#】#故意侵权且情节严重可判5倍赔偿#近日，因版权纠纷，李荣浩与单依纯闹得沸沸扬扬。3月30日凌晨，单依纯本次巡演的联合主办方发出致歉信。文中称，经核查，该情况系在巡演曲目著作权授权审核、落实工作中存在疏漏与瑕疵所致。事发后，已第一时间...全文,1774907304,2026-03-30 21:48:24+08:00,28,0,2,1780542126061,https://m.weibo.cn/detail/5282285660410405,,1700087532,三湘都市报,m,https://m.weibo.cn/u/1700087532?launchid=10000360-page_H5,"https://tvax1.sinaimg.cn/crop.0.0.179.179.180/001R3oqEly8h8vg5q4wzdj604z04z3yf02.jpg?KID=imgbed,tva&Expires=1780552925&ssig=HtQhVT%2BOOf",强行侵权 李白,强行侵权 李白,True,,2026-03-30 21:48:24+08:00,True,30
5283782673301839,4月3日下午，歌手李荣浩，和工作室同步高调发文，发文时差前后不超过1分钟，官宣了“黑马世界”哈尔滨站5月3日开唱，门票火速售罄。就在不久前，李荣浩刚经历一场版权风波。3月底，单依纯团队申请《李白》商业翻唱授权被拒后，仍在深圳演唱会演唱，李荣浩直接晒音著协未授权证明维权，态度坚...全文,1775264220,2026-04-04 00:57:00+08:00,27,3,0,1780545945956,https://m.weibo.cn/detail/5283782673301839,河南,7468335337,细雨蒙蒙wql,m,https://m.weibo.cn/u/7468335337?launchid=10000360-page_H5,"https://tvax3.sinaimg.cn/crop.0.1.1078.1078.180/0089qnbzly8i560rwp847j30ty0u0aby.jpg?KID=imgbed,tva&Expires=1780556745&ssig=2E5lkkBtv5",单依纯 道歉 李白,单依纯 道歉 李白,True,,2026-04-04 00:57:00+08:00,True,30
5297506040946163,#吴彤直播道歉##国乐无双##国乐无双直播#吴彤老师真的很真诚的，直播延迟大家也不想，所以吴彤老师第一时间真诚致歉🥹，我已经看完直播啦，感觉耳朵得到了净化，张杰，李宇春，单依纯，宋亚轩，每个人现场清唱都特别好听，用自己的代表作唱出再见更是充满创造力，好新颖的告别,1778536126,2026-05-11 21:48:46+08:00,27,3,0,1780543894008,https://m.weibo.cn/detail/5297506040946163,江苏,7709632080,拉布拉蝶子,m,https://m.weibo.cn/u/7709632080?launchid=10000360-page_H5,"https://tvax1.sinaimg.cn/crop.0.0.362.362.180/008pKPuwly8i66bh9r410j30a20a2aa4.jpg?KID=imgbed,tva&Expires=1780554693&ssig=HOY7twij8B",单依纯 道歉,单依纯 道歉,True,,2026-05-11 21:48:46+08:00,False,30
5288833987384504,#单依纯若捆绑王菲宣传涉嫌违法#单依纯团队在搞什么？身为创作人，不经过李荣浩同意滥用别人版权；现在又碰瓷王菲她是想走黑红路线？,1776468547,2026-04-17 23:29:07+08:00,25,4,0,1780549431000,https://m.weibo.cn/detail/5288833987384504,上海,7830082417,守护二次元自由的小仙女,f,https://m.weibo.cn/u/7830082417?launchid=10000360-page_H5,"https://tvax2.sinaimg.cn/crop.0.0.1080.1080.180/008xUe7Tly8ibafulibv7j30u00u0abp.jpg?KID=imgbed,tva&Expires=1780560230&ssig=zEow3QvY2W",单依纯 李荣浩 版权,单依纯 李荣浩 版权,True,,2026-04-17 23:29:07+08:00,True,29
5282536200868095,李荣浩#李荣浩 打响版权维护第一枪##李荣浩 音乐马桶##李荣浩# 没人觉得老大这条才是最夯的嘛哈哈哈哈哈哈哈哈哈哈哈哈哈哈哈哈哈,1774967038,2026-03-31 14:23:58+08:00,28,0,1,1780550257748,https://m.weibo.cn/detail/5282536200868095,山东,5976936548,柠檬檬Jo,f,https://m.weibo.cn/u/5976936548?launchid=10000360-page_H5,"https://tvax1.sinaimg.cn/crop.0.1.1078.1078.180/006wuCeoly8i8k1zybkijj30ty0u076t.jpg?KID=imgbed,tva&Expires=1780561056&ssig=DrVr7jBJlc",李荣浩 打响 版权,李荣浩 打响 版权,True,,2026-03-31 14:23:58+08:00,True,29
5284333375980260,#人民日报谈李荣浩单依纯版权风波#真的被李荣浩和单依纯的版权风波狠狠震撼到了，从乐坛争议一路闹到官媒下场，人民日报直接点名评论，这件事早就不只是两位歌手之间的恩怨，而是给整个娱乐圈、所有创作者都敲响了一记沉重的版权警钟！ 整件事的来龙去脉真的越扒越让人唏嘘。去年单依纯在节目里改编...全文,1775395518,2026-04-05 13:25:18+08:00,24,5,0,1780546590600,https://m.weibo.cn/detail/5284333375980260,内蒙古,5885506783,yyn_bkhx56,f,https://m.weibo.cn/u/5885506783?launchid=10000360-page_H5,"https://tvax3.sinaimg.cn/crop.0.0.864.864.180/006qiZaLly1id9h54ogirj30o00o040t.jpg?KID=imgbed,tva&Expires=1780557389&ssig=AmiBd5Yz4T",李荣浩 赔偿,李荣浩 赔偿,True,,2026-04-05 13:25:18+08:00,True,29
5293539907863294,李荣浩李白侵权这事，单依纯扛了所有炮火，始作俑者主办方已经美美隐身,1777590525,2026-04-30 23:08:45+08:00,28,0,0,1780540672806,https://m.weibo.cn/detail/5293539907863294,湖南,7491222452,绵设,m,https://m.weibo.cn/u/7491222452?launchid=10000360-page_H5,"https://tvax1.sinaimg.cn/crop.0.0.1080.1080.180/008aYpaAly8idr49b6whjj30u00u0aca.jpg?KID=imgbed,tva&Expires=1780551471&ssig=xpQPg%2BRSYz",单依纯 侵权,单依纯 侵权,True,,2026-04-30 23:08:45+08:00,True,28
5282308685037790,#单依纯演唱会退票#3月30日，百沐娱乐发布公告：单依纯武汉、郑州两站演唱会开启限时免责退票，演唱会正常举办。 吃瓜不吐萄葡皮的微博视频,1774912793,2026-03-30 23:19:53+08:00,28,0,0,1780548002198,https://m.weibo.cn/detail/5282308685037790,山西,7598512046,吃瓜不吐萄葡皮,f,https://m.weibo.cn/u/7598512046?launchid=10000360-page_H5,"https://tvax3.sinaimg.cn/crop.0.0.512.512.180/008ieA5Uly8i1h9y2bdepj30e80e8js4.jpg?KID=imgbed,tva&Expires=1780558801&ssig=gGDOq12FzR",百沐 退票,百沐 退票,True,,2026-03-30 23:19:53+08:00,True,28
5282610680693514,#李荣浩 打响版权维护第一枪# 咖啡壶开火明堂唱片！表示自己的专辑收益结算金额公司不给结算！🔥“钱多少是一回事，账是否清楚、权利是否被尊重，是另一回事。明堂老板李天昊你心里需要有数啊！”你怎么看？,1774984795,2026-03-31 19:19:55+08:00,23,3,1,1780549987660,https://m.weibo.cn/detail/5282610680693514,陕西,1163858357,嘻笑堂HipHop,m,https://m.weibo.cn/u/1163858357?launchid=10000360-page_H5,"https://tvax2.sinaimg.cn/crop.0.0.1022.1022.180/455f11b5ly1gdi778068ej20sg0sgwik.jpg?KID=imgbed,tva&Expires=1780560786&ssig=iFX53H4r2q",李荣浩 打响 版权,李荣浩 打响 版权,True,,2026-03-31 19:19:55+08:00,True,27
5290822614647457,为啥同样是翻唱，邓紫棋被夸，单依纯却被告？不是因为邓紫棋名气大，也不是因为周杰伦肚量大，而是因为行业规矩不能破！邓紫棋翻唱之前是先征得周杰伦同意的，而且邓紫棋没有拿来进行商演，还带火了原唱，让周杰伦版播放量增长了300%！单依纯则是在李荣浩拒绝让其商演的情况下，继续在演唱...全文,1776942673,2026-04-23 11:11:13+08:00,26,1,0,1780549295797,https://m.weibo.cn/detail/5290822614647457,山西,2606742107,嗑糖泡泡机,f,https://m.weibo.cn/u/2606742107?launchid=10000360-page_H5,"https://tvax2.sinaimg.cn/crop.0.0.512.512.180/9b5fba5bly8hqgvupkb1dj20e80e8dge.jpg?KID=imgbed,tva&Expires=1780560094&ssig=XgE%2Fgk6rrC",单依纯 李荣浩 版权,单依纯 李荣浩 版权|李荣浩 版权,True,,2026-04-23 11:11:13+08:00,True,27
5282655098376245,#李荣浩 打响版权维护第一枪# 也是福开火明堂唱片！他透露明堂唱片居然不经过同意就使用他的个人信息！🔥“明堂唱片在没经过我的同意下，利用我的身份证信息，把我列入他们公司的员工，用来做账，时间长达两年；如果不是之前查了自己的纳税人信息，我还会被一直蒙在鼓里”你怎么看？...全文,1774995385,2026-03-31 22:16:25+08:00,24,2,1,1780549842243,https://m.weibo.cn/detail/5282655098376245,陕西,1163858357,嘻笑堂HipHop,m,https://m.weibo.cn/u/1163858357?launchid=10000360-page_H5,"https://tvax2.sinaimg.cn/crop.0.0.1022.1022.180/455f11b5ly1gdi778068ej20sg0sgwik.jpg?KID=imgbed,tva&Expires=1780560640&ssig=Bun1oSTmFT",李荣浩 打响 版权,李荣浩 打响 版权,True,,2026-03-31 22:16:25+08:00,True,27
5288844913806723,我真的不懂单依纯到底做了什么，你们对她恶意这么大，随意地评判一个人的好坏，说她像王菲的是你们，现在说她捆绑王菲的也是你们，口区口区，所有人都给我道歉#单依纯若捆绑王菲宣传涉嫌违法#,1776471152,2026-04-18 00:12:32+08:00,23,3,0,1780544120041,https://m.weibo.cn/detail/5288844913806723,福建,6197037574,鱼啊鱼啊775,m,https://m.weibo.cn/u/6197037574?launchid=10000360-page_H5,"https://tvax4.sinaimg.cn/crop.0.0.1080.1080.180/006Lo8yWly8hear4fpspuj30u00u0773.jpg?KID=imgbed,tva&Expires=1780554919&ssig=0hVSOytdD3",单依纯 道歉,单依纯 道歉,True,,2026-04-18 00:12:32+08:00,True,26
5282423189274950,#李荣浩再曝指控单依纯原因#其实这事根本不是版权那么简单。光说版权，很好解决：单依纯道个歉，把版权补上就行。大家都是同行，本来私下就能处理好。 李荣浩之所以直接公开说，明显是真被恶心到了。先不管她改编得好不好听，关键是这首歌一唱，网上就带起话题——还特意扯上当年《好声音》没转身，...全文,1774940094,2026-03-31 06:54:54+08:00,25,1,0,1780547486302,https://m.weibo.cn/detail/5282423189274950,广东,2376816374,麦承欢莓有烦恼,f,https://m.weibo.cn/u/2376816374?launchid=10000360-page_H5,"https://tvax2.sinaimg.cn/crop.0.0.1080.1080.180/8dab56f6ly8ibkl8i89s0j20u00u00uq.jpg?KID=imgbed,tva&Expires=1780558285&ssig=qCOWPYK78V",单依纯 停唱 李白,单依纯 停唱 李白,True,,2026-03-31 06:54:54+08:00,True,26
5283260974498025,18岁夺冠那晚，李健按住她肩膀说：快红了，回去好好念书。她没全听。2026年深圳演唱会，她唱了李荣浩的《李白》。邮件里白纸黑字写着“未授权”，团队还是把歌塞进了歌单。李荣浩微博公开点名侵权，舆论炸了。她凌晨发长文认错：没亲自核对授权，全责在我。立刻停唱、赔钱、删物料。主办方连夜...全文,1775139836,2026-04-02 14:23:56+08:00,24,2,0,1780547649379,https://m.weibo.cn/detail/5283260974498025,上海,6231143298,只为鱼钟情,f,https://m.weibo.cn/u/6231143298?launchid=10000360-page_H5,"https://tvax1.sinaimg.cn/crop.0.0.822.822.180/006NHf1gly8h9lao9q82tj30mu0muta8.jpg?KID=imgbed,tva&Expires=1780558448&ssig=Dmnocawiw0",单依纯 停唱 李白,单依纯 停唱 李白,True,,2026-04-02 14:23:56+08:00,True,26
5287932898578156,刚刚去查证了一下，大陆、香港、台湾三地的音著协官网，都已经搜不到《小眼睛》登记李荣浩为作曲人的信息了。中国音乐著作权协会，之前登记曲作者是李荣浩，现在搜不到了。台湾中华音乐著作权协会，之前登记版权管理方是李荣浩自己的“酷亚音乐”，商用授权联系人就是李荣浩本人，现在也搜不到了。香...全文,1776253711,2026-04-15 11:48:31+08:00,22,3,1,1780544215882,https://m.weibo.cn/detail/5287932898578156,广东,1109260154,GOOD_MIAO,m,https://m.weibo.cn/u/1109260154?launchid=10000360-page_H5,"https://tvax2.sinaimg.cn/crop.0.0.1080.1080.180/421df77aly8ic9ysh2uytj20u00u075o.jpg?KID=imgbed,tva&Expires=1780555015&ssig=dO1%2FtqiVX%2B",单依纯 道歉,单依纯 道歉,True,,2026-04-15 11:48:31+08:00,True,26
5288756640745487,#单依纯王菲 撞造型#有感而发（ps：内娱1.只有歌曲传唱度广的才算好歌手 不然就算没有作品 2.不是“清纯玉女”的形象就不算好歌手 3.做错了事情道歉了承诺赔偿了 还是不可原谅 要网暴到退出娱乐圈才罢休4.只有会原创的才算歌手…,1776450106,2026-04-17 18:21:46+08:00,21,2,0,1780544198808,https://m.weibo.cn/detail/5288756640745487,浙江,5856042220,深深掩埋层层解脱,f,https://m.weibo.cn/u/5856042220?launchid=10000360-page_H5,"https://tvax4.sinaimg.cn/crop.0.0.512.512.180/006ojm5Sly8hzx0q9mt4lj30e80e8mxq.jpg?KID=imgbed,tva&Expires=1780554998&ssig=g8WOECaD2R",单依纯 道歉,单依纯 道歉,True,,2026-04-17 18:21:46+08:00,True,23
5288261933336530,吴向飞发长文说明《路一直都在》版权争议，态度理性，梳理授权细节并质疑合法性。双方都尊重版权、依法沟通，乐坛就该这样讲规矩、讲道理。#吴向飞发李荣浩相关情况说明# 梦诺2016的微博视频,1776332159,2026-04-16 09:35:59+08:00,22,1,0,1780549485926,https://m.weibo.cn/detail/5288261933336530,陕西,5825858256,梦诺2016,f,https://m.weibo.cn/u/5825858256?launchid=10000360-page_H5,"https://tvax1.sinaimg.cn/crop.0.0.1080.1080.180/006mgHRKly8id7dmv23cwj30u00u03zn.jpg?KID=imgbed,tva&Expires=1780560278&ssig=wPKEMDjUOc",单依纯 李荣浩 版权,单依纯 李荣浩 版权,True,,2026-04-16 09:35:59+08:00,True,23
5288799391450606,#单依纯若捆绑王菲宣传涉嫌违法#跟李荣浩的版权问题解决了吗？现在又来这一出,1776460299,2026-04-17 21:11:39+08:00,22,0,0,1780549431045,https://m.weibo.cn/detail/5288799391450606,江苏,2876284300,云边有炊烟,f,https://m.weibo.cn/u/2876284300?launchid=10000360-page_H5,"https://tva1.sinaimg.cn/crop.0.0.180.180.180/ab709d8cjw1e8qgp5bmzyj2050050aa8.jpg?KID=imgbed,tva&Expires=1780560230&ssig=qe%2Fhz%2BrSA2",单依纯 李荣浩 版权,单依纯 李荣浩 版权,True,,2026-04-17 21:11:39+08:00,True,22
5288835005024896,#单依纯若捆绑王菲宣传涉嫌违法#好无语的热搜薛冰冰你有点像王菲 快道歉,1776468790,2026-04-17 23:33:10+08:00,22,0,0,1780544120110,https://m.weibo.cn/detail/5288835005024896,四川,3463592692,尐尐舒_,m,https://m.weibo.cn/u/3463592692?launchid=10000360-page_H5,"https://tvax3.sinaimg.cn/crop.0.0.1080.1080.180/ce723af4ly8i1dv3aaomaj20u00u042j.jpg?KID=imgbed,tva&Expires=1780554919&ssig=jJEJ1bd%2BmJ",单依纯 道歉,单依纯 道歉,True,,2026-04-17 23:33:10+08:00,True,22
5284121041440797,李荣浩亲自下场手撕单依纯 2026开年最大beef，背后竟然都怪它？李荣浩｜单依纯｜李白 乖抧的微博视频,1775344893,2026-04-04 23:21:33+08:00,22,0,0,1780541935058,https://m.weibo.cn/detail/5284121041440797,湖北,7396672250,绮尔彡,f,https://m.weibo.cn/u/7396672250?launchid=10000360-page_H5,"https://tvax4.sinaimg.cn/crop.0.0.1080.1080.180/0084zGlkly8id3heabiv1j30u00u0798.jpg?KID=imgbed,tva&Expires=1780552734&ssig=majzX1x4ia",强行侵权 李白,强行侵权 李白,True,,2026-04-04 23:21:33+08:00,True,22
5292637299149181,这次单依纯的演唱会，连黄牛都不敢下场收票了。郑州和武汉场才隔13天，加上实名制转不出去，二级市场供大于求，票价直接雪崩。很多人以为是侵权风波败了口碑，其实真不是。我觉得最根本的原因，是大家不愿花1880元的顶流价，去听一场“大型KTV”。她出道6年了，代表作《永不失联的爱》《给电...全文,1777375327,2026-04-28 11:22:07+08:00,22,0,0,1780540707761,https://m.weibo.cn/detail/5292637299149181,山西,7598512046,吃瓜不吐萄葡皮,f,https://m.weibo.cn/u/7598512046?launchid=10000360-page_H5,"https://tvax3.sinaimg.cn/crop.0.0.512.512.180/008ieA5Uly8i1h9y2bdepj30e80e8js4.jpg?KID=imgbed,tva&Expires=1780551506&ssig=EIu5LyfTZ6",单依纯 侵权,单依纯 侵权,True,,2026-04-28 11:22:07+08:00,True,22
5303505594354993,早上看了微博热搜，在我印象中很少看到艺人微博直接开撕，上次还是李荣浩vs单依纯（不过那种是天然的正当维权，且私下沟通无果才搬到台前）   我对这俩的印象还停留在那年的《告白气球》，不算朋友也是一个圈子里面的同事，看一看起因更是有着让人说不出的刺挠…   王鹤棣那年剧爆火，给我留下的印...全文,1779966531,2026-05-28 11:08:51+08:00,21,1,0,1780543766039,https://m.weibo.cn/detail/5303505594354993,浙江,7630583855,绗倞眠,f,https://m.weibo.cn/u/7630583855?launchid=10000360-page_H5,"https://tvax1.sinaimg.cn/crop.0.0.512.512.180/008kp9r9ly8hx15cyjyr6j30e80e8gmc.jpg?KID=imgbed,tva&Expires=1780554468&ssig=YthRYzo3ZE",单依纯 道歉,单依纯 道歉|李荣浩 单依纯,True,,2026-05-28 11:08:51+08:00,False,22
